id,name,iso3,iso2,numeric_code,phone_code,capital,currency,currency_name,currency_symbol,tld,native,region,subregion,timezones,latitude,longitude,emoji,emojiU
00c5e0ef-d2c8-450a-87f8-b525e835afcc,New Zealand,NZL,NZ,554,64,Wellington,NZD,New Zealand dollar,$,.nz,New Zealand,Oceania,Australia and New Zealand,"[{zoneName:'Pacific\/Auckland',gmtOffset:46800,gmtOffsetName:'UTC+13:00',abbreviation:'NZDT',tzName:'New Zealand Daylight Time'},{zoneName:'Pacific\/Chatham',gmtOffset:49500,gmtOffsetName:'UTC+13:45',abbreviation:'CHAST',tzName:'Chatham Standard Time'}]",-41.00000000,174.00000000,ğŸ‡³ğŸ‡¿,U+1F1F3 U+1F1FF
0151e785-25c6-4c19-831c-1bf0ad2b331f,Slovakia,SVK,SK,703,421,Bratislava,EUR,Euro,â‚¬,.sk,Slovensko,Europe,Eastern Europe,"[{zoneName:'Europe\/Bratislava',gmtOffset:3600,gmtOffsetName:'UTC+01:00',abbreviation:'CET',tzName:'Central European Time'}]",48.66666666,19.50000000,ğŸ‡¸ğŸ‡°,U+1F1F8 U+1F1F0
0189450a-fc78-4085-9db9-422326ae4ce5,Virgin Islands (US),VIR,VI,850,+1-340,Charlotte Amalie,USD,United States dollar,$,.vi,United States Virgin Islands,Americas,Caribbean,"[{zoneName:'America\/St_Thomas',gmtOffset:-14400,gmtOffsetName:'UTC-04:00',abbreviation:'AST',tzName:'Atlantic Standard Time'}]",18.34000000,-64.93000000,ğŸ‡»ğŸ‡®,U+1F1FB U+1F1EE
0233922e-6f68-47b9-90a1-f521ef043ae4,Niue,NIU,NU,570,683,Alofi,NZD,New Zealand dollar,$,.nu,NiuÄ“,Oceania,Polynesia,"[{zoneName:'Pacific\/Niue',gmtOffset:-39600,gmtOffsetName:'UTC-11:00',abbreviation:'NUT',tzName:'Niue Time'}]",-19.03333333,-169.86666666,ğŸ‡³ğŸ‡º,U+1F1F3 U+1F1FA
03780ec6-85af-4124-a9b6-d94f87f0b540,Australia,AUS,AU,36,61,Canberra,AUD,Australian dollar,$,.au,Australia,Oceania,Australia and New Zealand,"[{zoneName:'Antarctica\/Macquarie',gmtOffset:39600,gmtOffsetName:'UTC+11:00',abbreviation:'MIST',tzName:'Macquarie Island Station Time'},{zoneName:'Australia\/Adelaide',gmtOffset:37800,gmtOffsetName:'UTC+10:30',abbreviation:'ACDT',tzName:'Australian Central Daylight Saving Time'},{zoneName:'Australia\/Brisbane',gmtOffset:36000,gmtOffsetName:'UTC+10:00',abbreviation:'AEST',tzName:'Australian Eastern Standard Time'},{zoneName:'Australia\/Broken_Hill',gmtOffset:37800,gmtOffsetName:'UTC+10:30',abbreviation:'ACDT',tzName:'Australian Central Daylight Saving Time'},{zoneName:'Australia\/Currie',gmtOffset:39600,gmtOffsetName:'UTC+11:00',abbreviation:'AEDT',tzName:'Australian Eastern Daylight Saving Time'},{zoneName:'Australia\/Darwin',gmtOffset:34200,gmtOffsetName:'UTC+09:30',abbreviation:'ACST',tzName:'Australian Central Standard Time'},{zoneName:'Australia\/Eucla',gmtOffset:31500,gmtOffsetName:'UTC+08:45',abbreviation:'ACWST',tzName:'Australian Central Western Standard Time (Unofficial)'},{zoneName:'Australia\/Hobart',gmtOffset:39600,gmtOffsetName:'UTC+11:00',abbreviation:'AEDT',tzName:'Australian Eastern Daylight Saving Time'},{zoneName:'Australia\/Lindeman',gmtOffset:36000,gmtOffsetName:'UTC+10:00',abbreviation:'AEST',tzName:'Australian Eastern Standard Time'},{zoneName:'Australia\/Lord_Howe',gmtOffset:39600,gmtOffsetName:'UTC+11:00',abbreviation:'LHST',tzName:'Lord Howe Summer Time'},{zoneName:'Australia\/Melbourne',gmtOffset:39600,gmtOffsetName:'UTC+11:00',abbreviation:'AEDT',tzName:'Australian Eastern Daylight Saving Time'},{zoneName:'Australia\/Perth',gmtOffset:28800,gmtOffsetName:'UTC+08:00',abbreviation:'AWST',tzName:'Australian Western Standard Time'},{zoneName:'Australia\/Sydney',gmtOffset:39600,gmtOffsetName:'UTC+11:00',abbreviation:'AEDT',tzName:'Australian Eastern Daylight Saving Time'}]",-27.00000000,133.00000000,"ğŸ‡¦ğŸ‡º","U+1F1E6 U+1F1FA"
04070d9d-6cd9-4ca3-928f-d5392510eae2,Belarus,BLR,BY,112,375,Minsk,BYN,Belarusian ruble,Br,.by,Ğ‘ĞµĞ»Ğ°Ñ€ÑƒÌÑÑŒ,Europe,Eastern Europe,"[{zoneName:'Europe\/Minsk',gmtOffset:10800,gmtOffsetName:'UTC+03:00',abbreviation:'MSK',tzName:'Moscow Time'}]",53.00000000,28.00000000,ğŸ‡§ğŸ‡¾,U+1F1E7 U+1F1FE
05e6ec6c-c947-49db-b6ad-3433cc3f466c,United States,USA,US,840,1,Washington,USD,United States dollar,$,.us,United States,Americas,Northern America,"[{zoneName:'America\/Adak',gmtOffset:-36000,gmtOffsetName:'UTC-10:00',abbreviation:'HST',tzName:'Hawaii\u2013Aleutian Standard Time'},{zoneName:'America\/Anchorage',gmtOffset:-32400,gmtOffsetName:'UTC-09:00',abbreviation:'AKST',tzName:'Alaska Standard Time'},{zoneName:'America\/Boise',gmtOffset:-25200,gmtOffsetName:'UTC-07:00',abbreviation:'MST',tzName:'Mountain Standard Time (North America'},{zoneName:'America\/Chicago',gmtOffset:-21600,gmtOffsetName:'UTC-06:00',abbreviation:'CST',tzName:'Central Standard Time (North America'},{zoneName:'America\/Denver',gmtOffset:-25200,gmtOffsetName:'UTC-07:00',abbreviation:'MST',tzName:'Mountain Standard Time (North America'},{zoneName:'America\/Detroit',gmtOffset:-18000,gmtOffsetName:'UTC-05:00',abbreviation:'EST',tzName:'Eastern Standard Time (North America'},{zoneName:'America\/Indiana\/Indianapolis',gmtOffset:-18000,gmtOffsetName:'UTC-05:00',abbreviation:'EST',tzName:'Eastern Standard Time (North America'},{zoneName:'America\/Indiana\/Knox',gmtOffset:-21600,gmtOffsetName:'UTC-06:00',abbreviation:'CST',tzName:'Central Standard Time (North America'},{zoneName:'America\/Indiana\/Marengo',gmtOffset:-18000,gmtOffsetName:'UTC-05:00',abbreviation:'EST',tzName:'Eastern Standard Time (North America'},{zoneName:'America\/Indiana\/Petersburg',gmtOffset:-18000,gmtOffsetName:'UTC-05:00',abbreviation:'EST',tzName:'Eastern Standard Time (North America'},{zoneName:'America\/Indiana\/Tell_City',gmtOffset:-21600,gmtOffsetName:'UTC-06:00',abbreviation:'CST',tzName:'Central Standard Time (North America'},{zoneName:'America\/Indiana\/Vevay',gmtOffset:-18000,gmtOffsetName:'UTC-05:00',abbreviation:'EST',tzName:'Eastern Standard Time (North America'},{zoneName:'America\/Indiana\/Vincennes',gmtOffset:-18000,gmtOffsetName:'UTC-05:00',abbreviation:'EST',tzName:'Eastern Standard Time (North America'},{zoneName:'America\/Indiana\/Winamac',gmtOffset:-18000,gmtOffsetName:'UTC-05:00',abbreviation:'EST',tzName:'Eastern Standard Time (North America'},{zoneName:'America\/Juneau',gmtOffset:-32400,gmtOffsetName:'UTC-09:00',abbreviation:'AKST',tzName:'Alaska Standard Time'},{zoneName:'America\/Kentucky\/Louisville',gmtOffset:-18000,gmtOffsetName:'UTC-05:00',abbreviation:'EST',tzName:'Eastern Standard Time (North America'},{zoneName:'America\/Kentucky\/Monticello',gmtOffset:-18000,gmtOffsetName:'UTC-05:00',abbreviation:'EST',tzName:'Eastern Standard Time (North America'},{zoneName:'America\/Los_Angeles',gmtOffset:-28800,gmtOffsetName:'UTC-08:00',abbreviation:'PST',tzName:'Pacific Standard Time (North America'},{zoneName:'America\/Menominee',gmtOffset:-21600,gmtOffsetName:'UTC-06:00',abbreviation:'CST',tzName:'Central Standard Time (North America'},{zoneName:'America\/Metlakatla',gmtOffset:-32400,gmtOffsetName:'UTC-09:00',abbreviation:'AKST',tzName:'Alaska Standard Time'},{zoneName:'America\/New_York',gmtOffset:-18000,gmtOffsetName:'UTC-05:00',abbreviation:'EST',tzName:'Eastern Standard Time (North America'},{zoneName:'America\/Nome',gmtOffset:-32400,gmtOffsetName:'UTC-09:00',abbreviation:'AKST',tzName:'Alaska Standard Time'},{zoneName:'America\/North_Dakota\/Beulah',gmtOffset:-21600,gmtOffsetName:'UTC-06:00',abbreviation:'CST',tzName:'Central Standard Time (North America'},{zoneName:'America\/North_Dakota\/Center',gmtOffset:-21600,gmtOffsetName:'UTC-06:00',abbreviation:'CST',tzName:'Central Standard Time (North America'},{zoneName:'America\/North_Dakota\/New_Salem',gmtOffset:-21600,gmtOffsetName:'UTC-06:00',abbreviation:'CST',tzName:'Central Standard Time (North America'},{zoneName:'America\/Phoenix',gmtOffset:-25200,gmtOffsetName:'UTC-07:00',abbreviation:'MST',tzName:'Mountain Standard Time (North America'},{zoneName:'America\/Sitka',gmtOffset:-32400,gmtOffsetName:'UTC-09:00',abbreviation:'AKST',tzName:'Alaska Standard Time'},{zoneName:'America\/Yakutat',gmtOffset:-32400,gmtOffsetName:'UTC-09:00',abbreviation:'AKST',tzName:'Alaska Standard Time'},{zoneName:'Pacific\/Honolulu',gmtOffset:-36000,gmtOffsetName:'UTC-10:00',abbreviation:'HST',tzName:'Hawaii\u2013Aleutian Standard Time'}]",38.00000000,-97.00000000,ğŸ‡ºğŸ‡¸,U+1F1FA U+1F1F8
063d561a-06ea-4428-b9f7-b96e01f1621f,Turks And Caicos Islands,TCA,TC,796,+1-649,Cockburn Town,USD,United States dollar,$,.tc,Turks and Caicos Islands,Americas,Caribbean,"[{zoneName:'America\/Grand_Turk',gmtOffset:-18000,gmtOffsetName:'UTC-05:00',abbreviation:'EST',tzName:'Eastern Standard Time (North America'}]",21.75000000,-71.58333333,ğŸ‡¹ğŸ‡¨,U+1F1F9 U+1F1E8
0ae1ec9c-56dc-4019-9413-98a971222a3b,Argentina,ARG,AR,32,54,Buenos Aires,ARS,Argentine peso,$,.ar,Argentina,Americas,South America,"[{zoneName:'America\/Argentina\/Buenos_Aires',gmtOffset:-10800,gmtOffsetName:'UTC-03:00',abbreviation:'ART',tzName:'Argentina Time'},{zoneName:'America\/Argentina\/Catamarca',gmtOffset:-10800,gmtOffsetName:'UTC-03:00',abbreviation:'ART',tzName:'Argentina Time'},{zoneName:'America\/Argentina\/Cordoba',gmtOffset:-10800,gmtOffsetName:'UTC-03:00',abbreviation:'ART',tzName:'Argentina Time'},{zoneName:'America\/Argentina\/Jujuy',gmtOffset:-10800,gmtOffsetName:'UTC-03:00',abbreviation:'ART',tzName:'Argentina Time'},{zoneName:'America\/Argentina\/La_Rioja',gmtOffset:-10800,gmtOffsetName:'UTC-03:00',abbreviation:'ART',tzName:'Argentina Time'},{zoneName:'America\/Argentina\/Mendoza',gmtOffset:-10800,gmtOffsetName:'UTC-03:00',abbreviation:'ART',tzName:'Argentina Time'},{zoneName:'America\/Argentina\/Rio_Gallegos',gmtOffset:-10800,gmtOffsetName:'UTC-03:00',abbreviation:'ART',tzName:'Argentina Time'},{zoneName:'America\/Argentina\/Salta',gmtOffset:-10800,gmtOffsetName:'UTC-03:00',abbreviation:'ART',tzName:'Argentina Time'},{zoneName:'America\/Argentina\/San_Juan',gmtOffset:-10800,gmtOffsetName:'UTC-03:00',abbreviation:'ART',tzName:'Argentina Time'},{zoneName:'America\/Argentina\/San_Luis',gmtOffset:-10800,gmtOffsetName:'UTC-03:00',abbreviation:'ART',tzName:'Argentina Time'},{zoneName:'America\/Argentina\/Tucuman',gmtOffset:-10800,gmtOffsetName:'UTC-03:00',abbreviation:'ART',tzName:'Argentina Time'},{zoneName:'America\/Argentina\/Ushuaia',gmtOffset:-10800,gmtOffsetName:'UTC-03:00',abbreviation:'ART',tzName:'Argentina Time'}]",-34.00000000,-64.00000000,ğŸ‡¦ğŸ‡·,U+1F1E6 U+1F1F7
0b5b9e1b-842d-41db-a995-fcb931ddb212,"Bonaire, Sint Eustatius and Saba",BES,BQ,535,599,Kralendijk,USD,United States dollar,$,.an,Caribisch Nederland,Americas,Caribbean,"[{zoneName:'America\/Anguilla',gmtOffset:-14400,gmtOffsetName:'UTC-04:00',abbreviation:'AST',tzName:'Atlantic Standard Time'}]",12.15000000,-68.26666700,ğŸ‡§ğŸ‡¶,U+1F1E7 U+1F1F6
0c48e0ed-0d96-4003-8cfd-639362a892a4,Georgia,GEO,GE,268,995,Tbilisi,GEL,Georgian lari,áƒš,.ge,áƒ¡áƒáƒ¥áƒáƒ áƒ—áƒ•áƒ”áƒšáƒ,Asia,Western Asia,"[{zoneName:'Asia\/Tbilisi',gmtOffset:14400,gmtOffsetName:'UTC+04:00',abbreviation:'GET',tzName:'Georgia Standard Time'}]",42.00000000,43.50000000,ğŸ‡¬ğŸ‡ª,U+1F1EC U+1F1EA
0c9fc3d5-9da3-42e8-b5f0-04dcc8156497,Bermuda,BMU,BM,60,+1-441,Hamilton,BMD,Bermudian dollar,$,.bm,Bermuda,Americas,Northern America,"[{zoneName:'Atlantic\/Bermuda',gmtOffset:-14400,gmtOffsetName:'UTC-04:00',abbreviation:'AST',tzName:'Atlantic Standard Time'}]",32.33333333,-64.75000000,ğŸ‡§ğŸ‡²,U+1F1E7 U+1F1F2
0ddf4b5c-994b-41bf-aa02-f355e115659e,Macedonia,MKD,MK,807,389,Skopje,MKD,Denar,Ğ´ĞµĞ½,.mk,Ğ¡ĞµĞ²ĞµÑ€Ğ½Ğ° ĞœĞ°ĞºĞµĞ´Ğ¾Ğ½Ğ¸Ñ˜Ğ°,Europe,Southern Europe,"[{zoneName:'Europe\/Skopje',gmtOffset:3600,gmtOffsetName:'UTC+01:00',abbreviation:'CET',tzName:'Central European Time'}]",41.83333333,22.00000000,ğŸ‡²ğŸ‡°,U+1F1F2 U+1F1F0
0ec52397-753d-43e8-aa4c-958543f1479c,Aland Islands,ALA,AX,248,+358-18,Mariehamn,EUR,Euro,â‚¬,.ax,Ã…land,Europe,Northern Europe,"[{zoneName:'Europe\/Mariehamn',gmtOffset:7200,gmtOffsetName:'UTC+02:00',abbreviation:'EET',tzName:'Eastern European Time'}]",60.11666700,19.90000000,ğŸ‡¦ğŸ‡½,U+1F1E6 U+1F1FD
11b474d7-65a7-422c-9083-4b69ada02769,Greenland,GRL,GL,304,299,Nuuk,DKK,Danish krone,Kr.,.gl,Kalaallit Nunaat,Americas,Northern America,"[{zoneName:'America\/Danmarkshavn',gmtOffset:0,gmtOffsetName:'UTC\u00b100',abbreviation:'GMT',tzName:'Greenwich Mean Time'},{zoneName:'America\/Nuuk',gmtOffset:-10800,gmtOffsetName:'UTC-03:00',abbreviation:'WGT',tzName:'West Greenland Time'},{zoneName:'America\/Scoresbysund',gmtOffset:-3600,gmtOffsetName:'UTC-01:00',abbreviation:'EGT',tzName:'Eastern Greenland Time'},{zoneName:'America\/Thule',gmtOffset:-14400,gmtOffsetName:'UTC-04:00',abbreviation:'AST',tzName:'Atlantic Standard Time'}]",72.00000000,-40.00000000,ğŸ‡¬ğŸ‡±,U+1F1EC U+1F1F1
11f6b87e-ac6a-4b91-9b76-717becf6b52c,Pitcairn Island,PCN,PN,612,870,Adamstown,NZD,New Zealand dollar,$,.pn,Pitcairn Islands,Oceania,Polynesia,"[{zoneName:'Pacific\/Pitcairn',gmtOffset:-28800,gmtOffsetName:'UTC-08:00',abbreviation:'PST',tzName:'Pacific Standard Time (North America'}]",-25.06666666,-130.10000000,ğŸ‡µğŸ‡³,U+1F1F5 U+1F1F3
122bffa9-bb2c-43e0-98e3-0edd9ec264e1,Cook Islands,COK,CK,184,682,Avarua,NZD,Cook Islands dollar,$,.ck,Cook Islands,Oceania,Polynesia,"[{zoneName:'Pacific\/Rarotonga',gmtOffset:-36000,gmtOffsetName:'UTC-10:00',abbreviation:'CKT',tzName:'Cook Island Time'}]",-21.23333333,-159.76666666,ğŸ‡¨ğŸ‡°,U+1F1E8 U+1F1F0
14ed8ce5-f1f3-4a23-b372-d065809054b0,Belgium,BEL,BE,56,32,Brussels,EUR,Euro,â‚¬,.be,BelgiÃ«,Europe,Western Europe,"[{zoneName:'Europe\/Brussels',gmtOffset:3600,gmtOffsetName:'UTC+01:00',abbreviation:'CET',tzName:'Central European Time'}]",50.83333333,4.00000000,ğŸ‡§ğŸ‡ª,U+1F1E7 U+1F1EA
152463c7-c2e2-4b5c-b797-f9d387b45562,Colombia,COL,CO,170,57,BogotÃ¡,COP,Colombian peso,$,.co,Colombia,Americas,South America,"[{zoneName:'America\/Bogota',gmtOffset:-18000,gmtOffsetName:'UTC-05:00',abbreviation:'COT',tzName:'Colombia Time'}]",4.00000000,-72.00000000,ğŸ‡¨ğŸ‡´,U+1F1E8 U+1F1F4
16099247-293c-48d8-b50b-791eb7516974,Ukraine,UKR,UA,804,380,Kiev,UAH,Ukrainian hryvnia,â‚´,.ua,Ğ£ĞºÑ€Ğ°Ñ—Ğ½Ğ°,Europe,Eastern Europe,"[{zoneName:'Europe\/Kiev',gmtOffset:7200,gmtOffsetName:'UTC+02:00',abbreviation:'EET',tzName:'Eastern European Time'},{zoneName:'Europe\/Simferopol',gmtOffset:10800,gmtOffsetName:'UTC+03:00',abbreviation:'MSK',tzName:'Moscow Time'},{zoneName:'Europe\/Uzhgorod',gmtOffset:7200,gmtOffsetName:'UTC+02:00',abbreviation:'EET',tzName:'Eastern European Time'},{zoneName:'Europe\/Zaporozhye',gmtOffset:7200,gmtOffsetName:'UTC+02:00',abbreviation:'EET',tzName:'Eastern European Time'}]",49.00000000,32.00000000,ğŸ‡ºğŸ‡¦,U+1F1FA U+1F1E6
166912a5-20e8-47cd-97f7-c97b91448848,Chad,TCD,TD,148,235,"N'Djamena",XAF,Central African CFA franc,FCFA,.td,Tchad,Africa,Middle Africa,"[{zoneName:'Africa\/Ndjamena',gmtOffset:3600,gmtOffsetName:'UTC+01:00',abbreviation:'WAT',tzName:'West Africa Time'}]",15.00000000,19.00000000,ğŸ‡¹ğŸ‡©,U+1F1F9 U+1F1E9
1777b1ef-ab46-42d0-a952-b18b582c4fa0,Japan,JPN,JP,392,81,Tokyo,JPY,Japanese yen,Â¥,.jp,æ—¥æœ¬,Asia,Eastern Asia,"[{zoneName:'Asia\/Tokyo',gmtOffset:32400,gmtOffsetName:'UTC+09:00',abbreviation:'JST',tzName:'Japan Standard Time'}]",36.00000000,138.00000000,ğŸ‡¯ğŸ‡µ,U+1F1EF U+1F1F5
18db036d-da6e-4bce-9721-db9a67658b1a,Falkland Islands,FLK,FK,238,500,Stanley,FKP,Falkland Islands pound,Â£,.fk,Falkland Islands,Americas,South America,"[{zoneName:'Atlantic\/Stanley',gmtOffset:-10800,gmtOffsetName:'UTC-03:00',abbreviation:'FKST',tzName:'Falkland Islands Summer Time'}]",-51.75000000,-59.00000000,ğŸ‡«ğŸ‡°,U+1F1EB U+1F1F0
19efc6e8-8289-4a4f-8a35-e5d434807815,Grenada,GRD,GD,308,+1-473,"St. George's",XCD,Eastern Caribbean dollar,$,.gd,Grenada,Americas,Caribbean,"[{zoneName:'America\/Grenada',gmtOffset:-14400,gmtOffsetName:'UTC-04:00',abbreviation:'AST',tzName:'Atlantic Standard Time'}]",12.11666666,-61.66666666,ğŸ‡¬ğŸ‡©,U+1F1EC U+1F1E9
1a81b4bf-5628-48d4-9f08-356eaa7e476a,Kyrgyzstan,KGZ,KG,417,996,Bishkek,KGS,Kyrgyzstani som,Ğ»Ğ²,.kg,ĞšÑ‹Ñ€Ğ³Ñ‹Ğ·ÑÑ‚Ğ°Ğ½,Asia,Central Asia,"[{zoneName:'Asia\/Bishkek',gmtOffset:21600,gmtOffsetName:'UTC+06:00',abbreviation:'KGT',tzName:'Kyrgyzstan Time'}]",41.00000000,75.00000000,ğŸ‡°ğŸ‡¬,U+1F1F0 U+1F1EC
1afa881e-60e2-4d7a-8b3c-12244c41a753,Croatia,HRV,HR,191,385,Zagreb,HRK,Croatian kuna,kn,.hr,Hrvatska,Europe,Southern Europe,"[{zoneName:'Europe\/Zagreb',gmtOffset:3600,gmtOffsetName:'UTC+01:00',abbreviation:'CET',tzName:'Central European Time'}]",45.16666666,15.50000000,ğŸ‡­ğŸ‡·,U+1F1ED U+1F1F7
1b6043b4-73ce-459c-9b30-df783374eb77,Djibouti,DJI,DJ,262,253,Djibouti,DJF,Djiboutian franc,Fdj,.dj,Djibouti,Africa,Eastern Africa,"[{zoneName:'Africa\/Djibouti',gmtOffset:10800,gmtOffsetName:'UTC+03:00',abbreviation:'EAT',tzName:'East Africa Time'}]",11.50000000,43.00000000,ğŸ‡©ğŸ‡¯,U+1F1E9 U+1F1EF
1c5279e9-e196-4641-8abf-217686ee6d22,Lithuania,LTU,LT,440,370,Vilnius,EUR,Euro,â‚¬,.lt,Lietuva,Europe,Northern Europe,"[{zoneName:'Europe\/Vilnius',gmtOffset:7200,gmtOffsetName:'UTC+02:00',abbreviation:'EET',tzName:'Eastern European Time'}]",56.00000000,24.00000000,ğŸ‡±ğŸ‡¹,U+1F1F1 U+1F1F9
1c54e7d9-3198-468b-92ae-ad7885e315e7,Vatican City State (Holy See),VAT,VA,336,379,Vatican City,EUR,Euro,â‚¬,.va,Vaticano,Europe,Southern Europe,"[{zoneName:'Europe\/Vatican',gmtOffset:3600,gmtOffsetName:'UTC+01:00',abbreviation:'CET',tzName:'Central European Time'}]",41.90000000,12.45000000,ğŸ‡»ğŸ‡¦,U+1F1FB U+1F1E6
1c5c4854-9763-474b-91e7-a8f4dbe299b9,Cyprus,CYP,CY,196,357,Nicosia,EUR,Euro,â‚¬,.cy,ÎšÏÏ€ÏÎ¿Ï‚,Europe,Southern Europe,"[{zoneName:'Asia\/Famagusta',gmtOffset:7200,gmtOffsetName:'UTC+02:00',abbreviation:'EET',tzName:'Eastern European Time'},{zoneName:'Asia\/Nicosia',gmtOffset:7200,gmtOffsetName:'UTC+02:00',abbreviation:'EET',tzName:'Eastern European Time'}]",35.00000000,33.00000000,ğŸ‡¨ğŸ‡¾,U+1F1E8 U+1F1FE
1c8bf932-4c8f-42c0-984f-f6378bd897ad,South Korea,KOR,KR,410,82,Seoul,KRW,Won,â‚©,.kr,ëŒ€í•œë¯¼êµ­,Asia,Eastern Asia,"[{zoneName:'Asia\/Seoul',gmtOffset:32400,gmtOffsetName:'UTC+09:00',abbreviation:'KST',tzName:'Korea Standard Time'}]",37.00000000,127.50000000,ğŸ‡°ğŸ‡·,U+1F1F0 U+1F1F7
1ddc60c6-0eca-408a-b15b-dc588b6ad07c,American Samoa,ASM,AS,16,+1-684,Pago Pago,USD,US Dollar,$,.as,American Samoa,Oceania,Polynesia,"[{zoneName:'Pacific\/Pago_Pago',gmtOffset:-39600,gmtOffsetName:'UTC-11:00',abbreviation:'SST',tzName:'Samoa Standard Time'}]",-14.33333333,-170.00000000,ğŸ‡¦ğŸ‡¸,U+1F1E6 U+1F1F8
1e86d10b-447f-406e-ab64-a4c2f7996f2b,France,FRA,FR,250,33,Paris,EUR,Euro,â‚¬,.fr,France,Europe,Western Europe,"[{zoneName:'Europe\/Paris',gmtOffset:3600,gmtOffsetName:'UTC+01:00',abbreviation:'CET',tzName:'Central European Time'}]",46.00000000,2.00000000,ğŸ‡«ğŸ‡·,U+1F1EB U+1F1F7
1e9512dc-0dbd-4869-b27b-360dca9519ab,Benin,BEN,BJ,204,229,Porto-Novo,XOF,West African CFA franc,CFA,.bj,BÃ©nin,Africa,Western Africa,"[{zoneName:'Africa\/Porto-Novo',gmtOffset:3600,gmtOffsetName:'UTC+01:00',abbreviation:'WAT',tzName:'West Africa Time'}]",9.50000000,2.25000000,ğŸ‡§ğŸ‡¯,U+1F1E7 U+1F1EF
1ecec251-36ae-452d-86cb-356a04db88c1,Israel,ISR,IL,376,972,Jerusalem,ILS,Israeli new shekel,â‚ª,.il,×™Ö´×©Ö°×‚×¨Ö¸×Öµ×œ,Asia,Western Asia,"[{zoneName:'Asia\/Jerusalem',gmtOffset:7200,gmtOffsetName:'UTC+02:00',abbreviation:'IST',tzName:'Israel Standard Time'}]",31.50000000,34.75000000,ğŸ‡®ğŸ‡±,U+1F1EE U+1F1F1
1fc8e626-6a22-4d97-b637-580df92162e0,Pakistan,PAK,PK,586,92,Islamabad,PKR,Pakistani rupee,â‚¨,.pk,Pakistan,Asia,Southern Asia,"[{zoneName:'Asia\/Karachi',gmtOffset:18000,gmtOffsetName:'UTC+05:00',abbreviation:'PKT',tzName:'Pakistan Standard Time'}]",30.00000000,70.00000000,ğŸ‡µğŸ‡°,U+1F1F5 U+1F1F0
20748346-0fdf-4af6-9e81-5e9070b8998f,Virgin Islands (British),VGB,VG,92,+1-284,Road Town,USD,United States dollar,$,.vg,British Virgin Islands,Americas,Caribbean,"[{zoneName:'America\/Tortola',gmtOffset:-14400,gmtOffsetName:'UTC-04:00',abbreviation:'AST',tzName:'Atlantic Standard Time'}]",18.43138300,-64.62305000,ğŸ‡»ğŸ‡¬,U+1F1FB U+1F1EC
2220821c-0a3e-4a37-b0ef-79c6d9bd56b4,Qatar,QAT,QA,634,974,Doha,QAR,Qatari riyal,Ù‚.Ø±,.qa,Ù‚Ø·Ø±,Asia,Western Asia,"[{zoneName:'Asia\/Qatar',gmtOffset:10800,gmtOffsetName:'UTC+03:00',abbreviation:'AST',tzName:'Arabia Standard Time'}]",25.50000000,51.25000000,ğŸ‡¶ğŸ‡¦,U+1F1F6 U+1F1E6
22b90f5b-c786-44a7-91c1-8c8b05d32903,Albania,ALB,AL,8,355,Tirana,ALL,Albanian lek,Lek,.al,ShqipÃ«ria,Europe,Southern Europe,"[{zoneName:'Europe\/Tirane',gmtOffset:3600,gmtOffsetName:'UTC+01:00',abbreviation:'CET',tzName:'Central European Time'}]",41.00000000,20.00000000,ğŸ‡¦ğŸ‡±,U+1F1E6 U+1F1F1
255c45d6-e81b-41a2-b2c0-7c475f8e3a1a,Senegal,SEN,SN,686,221,Dakar,XOF,West African CFA franc,CFA,.sn,SÃ©nÃ©gal,Africa,Western Africa,"[{zoneName:'Africa\/Dakar',gmtOffset:0,gmtOffsetName:'UTC\u00b100',abbreviation:'GMT',tzName:'Greenwich Mean Time'}]",14.00000000,-14.00000000,ğŸ‡¸ğŸ‡³,U+1F1F8 U+1F1F3
255e1119-64b2-4fe7-9f91-778a68fed3a3,Togo,TGO,TG,768,228,Lome,XOF,West African CFA franc,CFA,.tg,Togo,Africa,Western Africa,"[{zoneName:'Africa\/Lome',gmtOffset:0,gmtOffsetName:'UTC\u00b100',abbreviation:'GMT',tzName:'Greenwich Mean Time'}]",8.00000000,1.16666666,ğŸ‡¹ğŸ‡¬,U+1F1F9 U+1F1EC
260db224-1dbc-4da5-9fe3-1dbeed4a6192,San Marino,SMR,SM,674,378,San Marino,EUR,Euro,â‚¬,.sm,San Marino,Europe,Southern Europe,"[{zoneName:'Europe\/San_Marino',gmtOffset:3600,gmtOffsetName:'UTC+01:00',abbreviation:'CET',tzName:'Central European Time'}]",43.76666666,12.41666666,ğŸ‡¸ğŸ‡²,U+1F1F8 U+1F1F2
2645950d-cedc-4557-9990-774d56d84771,Myanmar,MMR,MM,104,95,Nay Pyi Taw,MMK,Burmese kyat,K,.mm,á€™á€¼á€”á€ºá€™á€¬,Asia,South-Eastern Asia,"[{zoneName:'Asia\/Yangon',gmtOffset:23400,gmtOffsetName:'UTC+06:30',abbreviation:'MMT',tzName:'Myanmar Standard Time'}]",22.00000000,98.00000000,ğŸ‡²ğŸ‡²,U+1F1F2 U+1F1F2
26d2dd51-a33a-408c-ba8e-8bfd27718b7a,Latvia,LVA,LV,428,371,Riga,EUR,Euro,â‚¬,.lv,Latvija,Europe,Northern Europe,"[{zoneName:'Europe\/Riga',gmtOffset:7200,gmtOffsetName:'UTC+02:00',abbreviation:'EET',tzName:'Eastern European Time'}]",57.00000000,25.00000000,ğŸ‡±ğŸ‡»,U+1F1F1 U+1F1FB
283718aa-cbe7-4e31-8820-71cdd7fe6c6d,Congo,COG,CG,178,242,Brazzaville,XAF,Central African CFA franc,FC,.cg,RÃ©publique du Congo,Africa,Middle Africa,"[{zoneName:'Africa\/Brazzaville',gmtOffset:3600,gmtOffsetName:'UTC+01:00',abbreviation:'WAT',tzName:'West Africa Time'}]",-1.00000000,15.00000000,ğŸ‡¨ğŸ‡¬,U+1F1E8 U+1F1EC
28b2ba1f-d0ea-46a0-b9b5-8fae82263089,Azerbaijan,AZE,AZ,31,994,Baku,AZN,Azerbaijani manat,m,.az,AzÉ™rbaycan,Asia,Western Asia,"[{zoneName:'Asia\/Baku',gmtOffset:14400,gmtOffsetName:'UTC+04:00',abbreviation:'AZT',tzName:'Azerbaijan Time'}]",40.50000000,47.50000000,ğŸ‡¦ğŸ‡¿,U+1F1E6 U+1F1FF
28de2c98-f1bd-4878-a977-f25544a5e12f,Switzerland,CHE,CH,756,41,Bern,CHF,Swiss franc,CHf,.ch,Schweiz,Europe,Western Europe,"[{zoneName:'Europe\/Zurich',gmtOffset:3600,gmtOffsetName:'UTC+01:00',abbreviation:'CET',tzName:'Central European Time'}]",47.00000000,8.00000000,ğŸ‡¨ğŸ‡­,U+1F1E8 U+1F1ED
290fb5bc-55cd-4cc5-b210-b6b9e968e22d,United Kingdom,GBR,GB,826,44,London,GBP,British pound,Â£,.uk,United Kingdom,Europe,Northern Europe,"[{zoneName:'Europe\/London',gmtOffset:0,gmtOffsetName:'UTC\u00b100',abbreviation:'GMT',tzName:'Greenwich Mean Time'}]",54.00000000,-2.00000000,ğŸ‡¬ğŸ‡§,U+1F1EC U+1F1E7
29ddde8f-6e95-41e3-b33c-b7fbf2c588fe,Burkina Faso,BFA,BF,854,226,Ouagadougou,XOF,West African CFA franc,CFA,.bf,Burkina Faso,Africa,Western Africa,"[{zoneName:'Africa\/Ouagadougou',gmtOffset:0,gmtOffsetName:'UTC\u00b100',abbreviation:'GMT',tzName:'Greenwich Mean Time'}]",13.00000000,-2.00000000,ğŸ‡§ğŸ‡«,U+1F1E7 U+1F1EB
2c425b68-367e-4c18-b8ea-1fd19bf085db,Bosnia and Herzegovina,BIH,BA,70,387,Sarajevo,BAM,Bosnia and Herzegovina convertible mark,KM,.ba,Bosna i Hercegovina,Europe,Southern Europe,"[{zoneName:'Europe\/Sarajevo',gmtOffset:3600,gmtOffsetName:'UTC+01:00',abbreviation:'CET',tzName:'Central European Time'}]",44.00000000,18.00000000,ğŸ‡§ğŸ‡¦,U+1F1E7 U+1F1E6
2ce9f5c1-488e-4632-bde2-5978db36ab68,Egypt,EGY,EG,818,20,Cairo,EGP,Egyptian pound,Ø¬.Ù…,.eg,Ù…ØµØ±â€,Africa,Northern Africa,"[{zoneName:'Africa\/Cairo',gmtOffset:7200,gmtOffsetName:'UTC+02:00',abbreviation:'EET',tzName:'Eastern European Time'}]",27.00000000,30.00000000,ğŸ‡ªğŸ‡¬,U+1F1EA U+1F1EC
2e5c81fb-2723-4ef4-afd4-fa136aaac2b6,Hungary,HUN,HU,348,36,Budapest,HUF,Hungarian forint,Ft,.hu,MagyarorszÃ¡g,Europe,Eastern Europe,"[{zoneName:'Europe\/Budapest',gmtOffset:3600,gmtOffsetName:'UTC+01:00',abbreviation:'CET',tzName:'Central European Time'}]",47.00000000,20.00000000,ğŸ‡­ğŸ‡º,U+1F1ED U+1F1FA
2f6dd040-f19c-469e-b956-d73d757c95c3,Gabon,GAB,GA,266,241,Libreville,XAF,Central African CFA franc,FCFA,.ga,Gabon,Africa,Middle Africa,"[{zoneName:'Africa\/Libreville',gmtOffset:3600,gmtOffsetName:'UTC+01:00',abbreviation:'WAT',tzName:'West Africa Time'}]",-1.00000000,11.75000000,ğŸ‡¬ğŸ‡¦,U+1F1EC U+1F1E6
2f71d072-f112-4b21-a5da-77ec18f79c93,Chile,CHL,CL,152,56,Santiago,CLP,Chilean peso,$,.cl,Chile,Americas,South America,"[{zoneName:'America\/Punta_Arenas',gmtOffset:-10800,gmtOffsetName:'UTC-03:00',abbreviation:'CLST',tzName:'Chile Summer Time'},{zoneName:'America\/Santiago',gmtOffset:-10800,gmtOffsetName:'UTC-03:00',abbreviation:'CLST',tzName:'Chile Summer Time'},{zoneName:'Pacific\/Easter',gmtOffset:-18000,gmtOffsetName:'UTC-05:00',abbreviation:'EASST',tzName:'Easter Island Summer Time'}]",-30.00000000,-71.00000000,ğŸ‡¨ğŸ‡±,U+1F1E8 U+1F1F1
302c18dd-b3bd-4826-8b0b-09e9345e8aaf,Guinea,GIN,GN,324,224,Conakry,GNF,Guinean franc,FG,.gn,GuinÃ©e,Africa,Western Africa,"[{zoneName:'Africa\/Conakry',gmtOffset:0,gmtOffsetName:'UTC\u00b100',abbreviation:'GMT',tzName:'Greenwich Mean Time'}]",11.00000000,-10.00000000,ğŸ‡¬ğŸ‡³,U+1F1EC U+1F1F3
304978d8-1caa-4ae3-b6f4-b64925071fc3,Iceland,ISL,IS,352,354,Reykjavik,ISK,Icelandic krÃ³na,kr,.is,Ãsland,Europe,Northern Europe,"[{zoneName:'Atlantic\/Reykjavik',gmtOffset:0,gmtOffsetName:'UTC\u00b100',abbreviation:'GMT',tzName:'Greenwich Mean Time'}]",65.00000000,-18.00000000,ğŸ‡®ğŸ‡¸,U+1F1EE U+1F1F8
3056a513-dc96-4c7f-ace1-80a5669002c3,Turkey,TUR,TR,792,90,Ankara,TRY,Turkish lira,â‚º,.tr,TÃ¼rkiye,Asia,Western Asia,"[{zoneName:'Europe\/Istanbul',gmtOffset:10800,gmtOffsetName:'UTC+03:00',abbreviation:'EET',tzName:'Eastern European Time'}]",39.00000000,35.00000000,ğŸ‡¹ğŸ‡·,U+1F1F9 U+1F1F7
310f31d1-6ad4-48aa-bfb9-cc802177694f,Thailand,THA,TH,764,66,Bangkok,THB,Thai baht,à¸¿,.th,à¸›à¸£à¸°à¹€à¸—à¸¨à¹„à¸—à¸¢,Asia,South-Eastern Asia,"[{zoneName:'Asia\/Bangkok',gmtOffset:25200,gmtOffsetName:'UTC+07:00',abbreviation:'ICT',tzName:'Indochina Time'}]",15.00000000,100.00000000,ğŸ‡¹ğŸ‡­,U+1F1F9 U+1F1ED
314f153c-c0cf-4799-a958-2bcb9f79f9ec,Costa Rica,CRI,CR,188,506,San Jose,CRC,Costa Rican colÃ³n,â‚¡,.cr,Costa Rica,Americas,Central America,"[{zoneName:'America\/Costa_Rica',gmtOffset:-21600,gmtOffsetName:'UTC-06:00',abbreviation:'CST',tzName:'Central Standard Time (North America'}]",10.00000000,-84.00000000,ğŸ‡¨ğŸ‡·,U+1F1E8 U+1F1F7
349d4c01-9c4c-4f3b-8339-cfebc12361d1,Puerto Rico,PRI,PR,630,+1-787 and 1-939,San Juan,USD,United States dollar,$,.pr,Puerto Rico,Americas,Caribbean,"[{zoneName:'America\/Puerto_Rico',gmtOffset:-14400,gmtOffsetName:'UTC-04:00',abbreviation:'AST',tzName:'Atlantic Standard Time'}]",18.25000000,-66.50000000,ğŸ‡µğŸ‡·,U+1F1F5 U+1F1F7
35561063-cb13-4db9-9a2d-2b79408b1b5d,Afghanistan,AFG,AF,4,93,Kabul,AFN,Afghan afghani,Ø‹,.af,Ø§ÙØºØ§Ù†Ø³ØªØ§Ù†,Asia,Southern Asia,"[{zoneName:'Asia\/Kabul',gmtOffset:16200,gmtOffsetName:'UTC+04:30',abbreviation:'AFT',tzName:'Afghanistan Time'}]",33.00000000,65.00000000,ğŸ‡¦ğŸ‡«,U+1F1E6 U+1F1EB
3766f706-65c8-45a0-a298-faeec7e04cf1,Mongolia,MNG,MN,496,976,Ulan Bator,MNT,Mongolian tÃ¶grÃ¶g,â‚®,.mn,ĞœĞ¾Ğ½Ğ³Ğ¾Ğ» ÑƒĞ»Ñ,Asia,Eastern Asia,"[{zoneName:'Asia\/Choibalsan',gmtOffset:28800,gmtOffsetName:'UTC+08:00',abbreviation:'CHOT',tzName:'Choibalsan Standard Time'},{zoneName:'Asia\/Hovd',gmtOffset:25200,gmtOffsetName:'UTC+07:00',abbreviation:'HOVT',tzName:'Hovd Time'},{zoneName:'Asia\/Ulaanbaatar',gmtOffset:28800,gmtOffsetName:'UTC+08:00',abbreviation:'ULAT',tzName:'Ulaanbaatar Standard Time'}]",46.00000000,105.00000000,ğŸ‡²ğŸ‡³,U+1F1F2 U+1F1F3
37caeee6-c7a0-4732-a29b-354ad06f42d2,Philippines,PHL,PH,608,63,Manila,PHP,Philippine peso,â‚±,.ph,Pilipinas,Asia,South-Eastern Asia,"[{zoneName:'Asia\/Manila',gmtOffset:28800,gmtOffsetName:'UTC+08:00',abbreviation:'PHT',tzName:'Philippine Time'}]",13.00000000,122.00000000,ğŸ‡µğŸ‡­,U+1F1F5 U+1F1ED
384b71f2-a8b3-4128-bad6-6a30f082df02,Haiti,HTI,HT,332,509,Port-au-Prince,HTG,Haitian gourde,G,.ht,HaÃ¯ti,Americas,Caribbean,"[{zoneName:'America\/Port-au-Prince',gmtOffset:-18000,gmtOffsetName:'UTC-05:00',abbreviation:'EST',tzName:'Eastern Standard Time (North America'}]",19.00000000,-72.41666666,ğŸ‡­ğŸ‡¹,U+1F1ED U+1F1F9
390f0c75-ab61-4891-a6fe-5503225bdac4,Papua new Guinea,PNG,PG,598,675,Port Moresby,PGK,Papua New Guinean kina,K,.pg,Papua Niugini,Oceania,Melanesia,"[{zoneName:'Pacific\/Bougainville',gmtOffset:39600,gmtOffsetName:'UTC+11:00',abbreviation:'BST',tzName:'Bougainville Standard Time[6'},{zoneName:'Pacific\/Port_Moresby',gmtOffset:36000,gmtOffsetName:'UTC+10:00',abbreviation:'PGT',tzName:'Papua New Guinea Time'}]",-6.00000000,147.00000000,ğŸ‡µğŸ‡¬,U+1F1F5 U+1F1EC
39619120-a42b-47cd-86e1-c704952eeb18,Cape Verde,CPV,CV,132,238,Praia,CVE,Cape Verdean escudo,$,.cv,Cabo Verde,Africa,Western Africa,"[{zoneName:'Atlantic\/Cape_Verde',gmtOffset:-3600,gmtOffsetName:'UTC-01:00',abbreviation:'CVT',tzName:'Cape Verde Time'}]",16.00000000,-24.00000000,ğŸ‡¨ğŸ‡»,U+1F1E8 U+1F1FB
39c7537a-152d-4d0c-9694-2858de35ddb9,Mexico,MEX,MX,484,52,Ciudad de MÃ©xico,MXN,Mexican peso,$,.mx,MÃ©xico,Americas,Central America,"[{zoneName:'America\/Bahia_Banderas',gmtOffset:-21600,gmtOffsetName:'UTC-06:00',abbreviation:'CST',tzName:'Central Standard Time (North America'},{zoneName:'America\/Cancun',gmtOffset:-18000,gmtOffsetName:'UTC-05:00',abbreviation:'EST',tzName:'Eastern Standard Time (North America'},{zoneName:'America\/Chihuahua',gmtOffset:-25200,gmtOffsetName:'UTC-07:00',abbreviation:'MST',tzName:'Mountain Standard Time (North America'},{zoneName:'America\/Hermosillo',gmtOffset:-25200,gmtOffsetName:'UTC-07:00',abbreviation:'MST',tzName:'Mountain Standard Time (North America'},{zoneName:'America\/Matamoros',gmtOffset:-21600,gmtOffsetName:'UTC-06:00',abbreviation:'CST',tzName:'Central Standard Time (North America'},{zoneName:'America\/Mazatlan',gmtOffset:-25200,gmtOffsetName:'UTC-07:00',abbreviation:'MST',tzName:'Mountain Standard Time (North America'},{zoneName:'America\/Merida',gmtOffset:-21600,gmtOffsetName:'UTC-06:00',abbreviation:'CST',tzName:'Central Standard Time (North America'},{zoneName:'America\/Mexico_City',gmtOffset:-21600,gmtOffsetName:'UTC-06:00',abbreviation:'CST',tzName:'Central Standard Time (North America'},{zoneName:'America\/Monterrey',gmtOffset:-21600,gmtOffsetName:'UTC-06:00',abbreviation:'CST',tzName:'Central Standard Time (North America'},{zoneName:'America\/Ojinaga',gmtOffset:-25200,gmtOffsetName:'UTC-07:00',abbreviation:'MST',tzName:'Mountain Standard Time (North America'},{zoneName:'America\/Tijuana',gmtOffset:-28800,gmtOffsetName:'UTC-08:00',abbreviation:'PST',tzName:'Pacific Standard Time (North America'}]",23.00000000,-102.00000000,ğŸ‡²ğŸ‡½,U+1F1F2 U+1F1FD
3a421dfe-a213-45c8-b58e-b9a49ab3e536,Germany,DEU,DE,276,49,Berlin,EUR,Euro,â‚¬,.de,Deutschland,Europe,Western Europe,"[{zoneName:'Europe\/Berlin',gmtOffset:3600,gmtOffsetName:'UTC+01:00',abbreviation:'CET',tzName:'Central European Time'},{zoneName:'Europe\/Busingen',gmtOffset:3600,gmtOffsetName:'UTC+01:00',abbreviation:'CET',tzName:'Central European Time'}]",51.00000000,9.00000000,ğŸ‡©ğŸ‡ª,U+1F1E9 U+1F1EA
3f7d71ae-32e2-4138-b2bc-5d22e5532b54,French Southern Territories,ATF,TF,260,262,Port-aux-Francais,EUR,Euro,â‚¬,.tf,Territoire des Terres australes et antarctiques fr,Africa,Southern Africa,"[{zoneName:'Indian\/Kerguelen',gmtOffset:18000,gmtOffsetName:'UTC+05:00',abbreviation:'TFT',tzName:'French Southern and Antarctic Time'}]",-49.25000000,69.16700000,ğŸ‡¹ğŸ‡«,U+1F1F9 U+1F1EB
42829f1b-b9fe-44a7-8dd3-853eb2ded740,Kazakhstan,KAZ,KZ,398,7,Astana,KZT,Kazakhstani tenge,Ğ»Ğ²,.kz,ÒšĞ°Ğ·Ğ°Ò›ÑÑ‚Ğ°Ğ½,Asia,Central Asia,"[{zoneName:'Asia\/Almaty',gmtOffset:21600,gmtOffsetName:'UTC+06:00',abbreviation:'ALMT',tzName:'Alma-Ata Time[1'},{zoneName:'Asia\/Aqtau',gmtOffset:18000,gmtOffsetName:'UTC+05:00',abbreviation:'AQTT',tzName:'Aqtobe Time'},{zoneName:'Asia\/Aqtobe',gmtOffset:18000,gmtOffsetName:'UTC+05:00',abbreviation:'AQTT',tzName:'Aqtobe Time'},{zoneName:'Asia\/Atyrau',gmtOffset:18000,gmtOffsetName:'UTC+05:00',abbreviation:'MSD+1',tzName:'Moscow Daylight Time+1'},{zoneName:'Asia\/Oral',gmtOffset:18000,gmtOffsetName:'UTC+05:00',abbreviation:'ORAT',tzName:'Oral Time'},{zoneName:'Asia\/Qostanay',gmtOffset:21600,gmtOffsetName:'UTC+06:00',abbreviation:'QYZST',tzName:'Qyzylorda Summer Time'},{zoneName:'Asia\/Qyzylorda',gmtOffset:18000,gmtOffsetName:'UTC+05:00',abbreviation:'QYZT',tzName:'Qyzylorda Summer Time'}]",48.00000000,68.00000000,ğŸ‡°ğŸ‡¿,U+1F1F0 U+1F1FF
42ffdf66-2ec7-4dd3-99e8-347e5b84096b,Ecuador,ECU,EC,218,593,Quito,USD,United States dollar,$,.ec,Ecuador,Americas,South America,"[{zoneName:'America\/Guayaquil',gmtOffset:-18000,gmtOffsetName:'UTC-05:00',abbreviation:'ECT',tzName:'Ecuador Time'},{zoneName:'Pacific\/Galapagos',gmtOffset:-21600,gmtOffsetName:'UTC-06:00',abbreviation:'GALT',tzName:'Gal\u00e1pagos Time'}]",-2.00000000,-77.50000000,ğŸ‡ªğŸ‡¨,U+1F1EA U+1F1E8
43d42d52-ae27-4e2f-9146-f43e01532cde,Saint Pierre and Miquelon,SPM,PM,666,508,Saint-Pierre,EUR,Euro,â‚¬,.pm,Saint-Pierre-et-Miquelon,Americas,Northern America,"[{zoneName:'America\/Miquelon',gmtOffset:-10800,gmtOffsetName:'UTC-03:00',abbreviation:'PMDT',tzName:'Pierre & Miquelon Daylight Time'}]",46.83333333,-56.33333333,ğŸ‡µğŸ‡²,U+1F1F5 U+1F1F2
44ec0fe1-30e4-498e-b7aa-c60021352ad5,Rwanda,RWA,RW,646,250,Kigali,RWF,Rwandan franc,FRw,.rw,Rwanda,Africa,Eastern Africa,"[{zoneName:'Africa\/Kigali',gmtOffset:7200,gmtOffsetName:'UTC+02:00',abbreviation:'CAT',tzName:'Central Africa Time'}]",-2.00000000,30.00000000,ğŸ‡·ğŸ‡¼,U+1F1F7 U+1F1FC
4558ec74-2332-4136-860f-0eee3e8f023f,Bouvet Island,BVT,BV,74,0055,,NOK,Norwegian Krone,kr,.bv,BouvetÃ¸ya,,,"[{zoneName:'Europe\/Oslo',gmtOffset:3600,gmtOffsetName:'UTC+01:00',abbreviation:'CET',tzName:'Central European Time'}]",-54.43333333,3.40000000,ğŸ‡§ğŸ‡»,U+1F1E7 U+1F1FB
464b7574-9e9f-4c6d-a3fa-fc6c219e997d,Hong Kong S.A.R.,HKG,HK,344,852,Hong Kong,HKD,Hong Kong dollar,$,.hk,é¦™æ¸¯,Asia,Eastern Asia,"[{zoneName:'Asia\/Hong_Kong',gmtOffset:28800,gmtOffsetName:'UTC+08:00',abbreviation:'HKT',tzName:'Hong Kong Time'}]",22.25000000,114.16666666,ğŸ‡­ğŸ‡°,U+1F1ED U+1F1F0
4678b122-b9c4-48df-8b3d-bd08952b09d4,Malawi,MWI,MW,454,265,Lilongwe,MWK,Malawian kwacha,MK,.mw,Malawi,Africa,Eastern Africa,"[{zoneName:'Africa\/Blantyre',gmtOffset:7200,gmtOffsetName:'UTC+02:00',abbreviation:'CAT',tzName:'Central Africa Time'}]",-13.50000000,34.00000000,ğŸ‡²ğŸ‡¼,U+1F1F2 U+1F1FC
467ab571-677e-4cbc-8aa0-2935ae518d85,Libya,LBY,LY,434,218,Tripolis,LYD,Libyan dinar,Ø¯.Ù„,.ly,â€Ù„ÙŠØ¨ÙŠØ§,Africa,Northern Africa,"[{zoneName:'Africa\/Tripoli',gmtOffset:7200,gmtOffsetName:'UTC+02:00',abbreviation:'EET',tzName:'Eastern European Time'}]",25.00000000,17.00000000,ğŸ‡±ğŸ‡¾,U+1F1F1 U+1F1FE
472de41f-41c1-4b5f-9328-ad518771bd2e,Saint-Barthelemy,BLM,BL,652,590,Gustavia,EUR,Euro,â‚¬,.bl,Saint-BarthÃ©lemy,Americas,Caribbean,"[{zoneName:'America\/St_Barthelemy',gmtOffset:-14400,gmtOffsetName:'UTC-04:00',abbreviation:'AST',tzName:'Atlantic Standard Time'}]",18.50000000,-63.41666666,ğŸ‡§ğŸ‡±,U+1F1E7 U+1F1F1
473bfc73-6a64-4abe-bbe0-e5b9b74135c6,Greece,GRC,GR,300,30,Athens,EUR,Euro,â‚¬,.gr,Î•Î»Î»Î¬Î´Î±,Europe,Southern Europe,"[{zoneName:'Europe\/Athens',gmtOffset:7200,gmtOffsetName:'UTC+02:00',abbreviation:'EET',tzName:'Eastern European Time'}]",39.00000000,22.00000000,ğŸ‡¬ğŸ‡·,U+1F1EC U+1F1F7
4753902b-840d-4e57-963b-1cc29951d0ce,Monaco,MCO,MC,492,377,Monaco,EUR,Euro,â‚¬,.mc,Monaco,Europe,Western Europe,"[{zoneName:'Europe\/Monaco',gmtOffset:3600,gmtOffsetName:'UTC+01:00',abbreviation:'CET',tzName:'Central European Time'}]",43.73333333,7.40000000,ğŸ‡²ğŸ‡¨,U+1F1F2 U+1F1E8
49967cef-354a-4def-a57c-7d713e2740fa,Tanzania,TZA,TZ,834,255,Dodoma,TZS,Tanzanian shilling,TSh,.tz,Tanzania,Africa,Eastern Africa,"[{zoneName:'Africa\/Dar_es_Salaam',gmtOffset:10800,gmtOffsetName:'UTC+03:00',abbreviation:'EAT',tzName:'East Africa Time'}]",-6.00000000,35.00000000,ğŸ‡¹ğŸ‡¿,U+1F1F9 U+1F1FF
4b05e446-76eb-4f12-9a69-fdef7b5c588e,Cocos (Keeling) Islands,CCK,CC,166,61,West Island,AUD,Australian dollar,$,.cc,Cocos (Keeling) Islands,Oceania,Australia and New Zealand,"[{zoneName:'Indian\/Cocos',gmtOffset:23400,gmtOffsetName:'UTC+06:30',abbreviation:'CCT',tzName:'Cocos Islands Time'}]",-12.50000000,96.83333333,ğŸ‡¨ğŸ‡¨,U+1F1E8 U+1F1E8
4b93798e-fe9f-41fb-a38d-31fbddc381c4,Turkmenistan,TKM,TM,795,993,Ashgabat,TMT,Turkmenistan manat,T,.tm,TÃ¼rkmenistan,Asia,Central Asia,"[{zoneName:'Asia\/Ashgabat',gmtOffset:18000,gmtOffsetName:'UTC+05:00',abbreviation:'TMT',tzName:'Turkmenistan Time'}]",40.00000000,60.00000000,ğŸ‡¹ğŸ‡²,U+1F1F9 U+1F1F2
4d6576e1-494d-46fc-97ad-12c653ed6932,Lesotho,LSO,LS,426,266,Maseru,LSL,Lesotho loti,L,.ls,Lesotho,Africa,Southern Africa,"[{zoneName:'Africa\/Maseru',gmtOffset:7200,gmtOffsetName:'UTC+02:00',abbreviation:'SAST',tzName:'South African Standard Time'}]",-29.50000000,28.50000000,ğŸ‡±ğŸ‡¸,U+1F1F1 U+1F1F8
4e7625ca-c397-4690-908b-22507216f3ea,Taiwan,TWN,TW,158,886,Taipei,TWD,New Taiwan dollar,$,.tw,è‡ºç£,Asia,Eastern Asia,"[{zoneName:'Asia\/Taipei',gmtOffset:28800,gmtOffsetName:'UTC+08:00',abbreviation:'CST',tzName:'China Standard Time'}]",23.50000000,121.00000000,ğŸ‡¹ğŸ‡¼,U+1F1F9 U+1F1FC
516814d3-91a6-4413-852c-fa6267a3fceb,Iran,IRN,IR,364,98,Tehran,IRR,Iranian rial,ï·¼,.ir,Ø§ÛŒØ±Ø§Ù†,Asia,Southern Asia,"[{zoneName:'Asia\/Tehran',gmtOffset:12600,gmtOffsetName:'UTC+03:30',abbreviation:'IRDT',tzName:'Iran Daylight Time'}]",32.00000000,53.00000000,ğŸ‡®ğŸ‡·,U+1F1EE U+1F1F7
5305c5f8-aeb6-4cc4-badd-992e5a49c65e,Armenia,ARM,AM,51,374,Yerevan,AMD,Armenian dram,Ö,.am,Õ€Õ¡ÕµÕ¡Õ½Õ¿Õ¡Õ¶,Asia,Western Asia,"[{zoneName:'Asia\/Yerevan',gmtOffset:14400,gmtOffsetName:'UTC+04:00',abbreviation:'AMT',tzName:'Armenia Time'}]",40.00000000,45.00000000,ğŸ‡¦ğŸ‡²,U+1F1E6 U+1F1F2
535ee2e3-a2ce-4fbe-bfff-0aa15a727767,Poland,POL,PL,616,48,Warsaw,PLN,Polish zÅ‚oty,zÅ‚,.pl,Polska,Europe,Eastern Europe,"[{zoneName:'Europe\/Warsaw',gmtOffset:3600,gmtOffsetName:'UTC+01:00',abbreviation:'CET',tzName:'Central European Time'}]",52.00000000,20.00000000,ğŸ‡µğŸ‡±,U+1F1F5 U+1F1F1
538f900a-7eb0-431c-a9cc-45df4fe21bac,Svalbard And Jan Mayen Islands,SJM,SJ,744,47,Longyearbyen,NOK,Norwegian Krone,kr,.sj,Svalbard og Jan Mayen,Europe,Northern Europe,"[{zoneName:'Arctic\/Longyearbyen',gmtOffset:3600,gmtOffsetName:'UTC+01:00',abbreviation:'CET',tzName:'Central European Time'}]",78.00000000,20.00000000,ğŸ‡¸ğŸ‡¯,U+1F1F8 U+1F1EF
54cfc464-bb96-4ccc-878e-dffe0bfa39e0,Sweden,SWE,SE,752,46,Stockholm,SEK,Swedish krona,kr,.se,Sverige,Europe,Northern Europe,"[{zoneName:'Europe\/Stockholm',gmtOffset:3600,gmtOffsetName:'UTC+01:00',abbreviation:'CET',tzName:'Central European Time'}]",62.00000000,15.00000000,ğŸ‡¸ğŸ‡ª,U+1F1F8 U+1F1EA
54ed6348-0632-40af-85ba-5cedadb4c18f,Martinique,MTQ,MQ,474,596,Fort-de-France,EUR,Euro,â‚¬,.mq,Martinique,Americas,Caribbean,"[{zoneName:'America\/Martinique',gmtOffset:-14400,gmtOffsetName:'UTC-04:00',abbreviation:'AST',tzName:'Atlantic Standard Time'}]",14.66666700,-61.00000000,ğŸ‡²ğŸ‡¶,U+1F1F2 U+1F1F6
5725a2b1-e386-4a57-aa0c-3b50a0974c13,Romania,ROU,RO,642,40,Bucharest,RON,Romanian leu,lei,.ro,RomÃ¢nia,Europe,Eastern Europe,"[{zoneName:'Europe\/Bucharest',gmtOffset:7200,gmtOffsetName:'UTC+02:00',abbreviation:'EET',tzName:'Eastern European Time'}]",46.00000000,25.00000000,ğŸ‡·ğŸ‡´,U+1F1F7 U+1F1F4
57a9fe20-ec28-418d-b580-83ac3d96400e,"Cote D'Ivoire (Ivory Coast)",CIV,CI,384,225,Yamoussoukro,XOF,West African CFA franc,CFA,.ci,,Africa,Western Africa,"[{zoneName:'Africa\/Abidjan',gmtOffset:0,gmtOffsetName:'UTC\u00b100',abbreviation:'GMT',tzName:'Greenwich Mean Time'}]",8.00000000,-5.00000000,ğŸ‡¨ğŸ‡®,U+1F1E8 U+1F1EE
582a28b0-9613-4a47-b9d5-8b3f096f513f,Bangladesh,BGD,BD,50,880,Dhaka,BDT,Bangladeshi taka,à§³,.bd,Bangladesh,Asia,Southern Asia,"[{zoneName:'Asia\/Dhaka',gmtOffset:21600,gmtOffsetName:'UTC+06:00',abbreviation:'BDT',tzName:'Bangladesh Standard Time'}]",24.00000000,90.00000000,ğŸ‡§ğŸ‡©,U+1F1E7 U+1F1E9
5d6b5428-43eb-4492-9e29-e6a154ed900d,Christmas Island,CXR,CX,162,61,Flying Fish Cove,AUD,Australian dollar,$,.cx,Christmas Island,Oceania,Australia and New Zealand,"[{zoneName:'Indian\/Christmas',gmtOffset:25200,gmtOffsetName:'UTC+07:00',abbreviation:'CXT',tzName:'Christmas Island Time'}]",-10.50000000,105.66666666,ğŸ‡¨ğŸ‡½,U+1F1E8 U+1F1FD
5ee70b11-03f1-4fda-a61e-cd22c1953bad,Estonia,EST,EE,233,372,Tallinn,EUR,Euro,â‚¬,.ee,Eesti,Europe,Northern Europe,"[{zoneName:'Europe\/Tallinn',gmtOffset:7200,gmtOffsetName:'UTC+02:00',abbreviation:'EET',tzName:'Eastern European Time'}]",59.00000000,26.00000000,ğŸ‡ªğŸ‡ª,U+1F1EA U+1F1EA
60823b89-ff55-4924-a236-fce0b8fbbda6,Austria,AUT,AT,40,43,Vienna,EUR,Euro,â‚¬,.at,Ã–sterreich,Europe,Western Europe,"[{zoneName:'Europe\/Vienna',gmtOffset:3600,gmtOffsetName:'UTC+01:00',abbreviation:'CET',tzName:'Central European Time'}]",47.33333333,13.33333333,ğŸ‡¦ğŸ‡¹,U+1F1E6 U+1F1F9
64de5c43-8079-44e1-8a86-ede542296585,Sao Tome and Principe,STP,ST,678,239,Sao Tome,STD,Dobra,Db,.st,SÃ£o TomÃ© e PrÃ­ncipe,Africa,Middle Africa,"[{zoneName:'Africa\/Sao_Tome',gmtOffset:0,gmtOffsetName:'UTC\u00b100',abbreviation:'GMT',tzName:'Greenwich Mean Time'}]",1.00000000,7.00000000,ğŸ‡¸ğŸ‡¹,U+1F1F8 U+1F1F9
64efa851-dc5c-4c8a-be8b-372d5fee1693,Guam,GUM,GU,316,+1-671,Hagatna,USD,US Dollar,$,.gu,Guam,Oceania,Micronesia,"[{zoneName:'Pacific\/Guam',gmtOffset:36000,gmtOffsetName:'UTC+10:00',abbreviation:'CHST',tzName:'Chamorro Standard Time'}]",13.46666666,144.78333333,ğŸ‡¬ğŸ‡º,U+1F1EC U+1F1FA
64faed3e-eb44-4a86-96ee-6e3ca664dd6b,Seychelles,SYC,SC,690,248,Victoria,SCR,Seychellois rupee,SRe,.sc,Seychelles,Africa,Eastern Africa,"[{zoneName:'Indian\/Mahe',gmtOffset:14400,gmtOffsetName:'UTC+04:00',abbreviation:'SCT',tzName:'Seychelles Time'}]",-4.58333333,55.66666666,ğŸ‡¸ğŸ‡¨,U+1F1F8 U+1F1E8
64feb2c2-5446-4de2-b4a1-fadd36c6bc75,Fiji Islands,FJI,FJ,242,679,Suva,FJD,Fijian dollar,FJ$,.fj,Fiji,Oceania,Melanesia,"[{zoneName:'Pacific\/Fiji',gmtOffset:43200,gmtOffsetName:'UTC+12:00',abbreviation:'FJT',tzName:'Fiji Time'}]",-18.00000000,175.00000000,ğŸ‡«ğŸ‡¯,U+1F1EB U+1F1EF
6613fd8e-c6e9-4f10-a72c-4fdce94eb93f,Sierra Leone,SLE,SL,694,232,Freetown,SLL,Sierra Leonean leone,Le,.sl,Sierra Leone,Africa,Western Africa,"[{zoneName:'Africa\/Freetown',gmtOffset:0,gmtOffsetName:'UTC\u00b100',abbreviation:'GMT',tzName:'Greenwich Mean Time'}]",8.50000000,-11.50000000,ğŸ‡¸ğŸ‡±,U+1F1F8 U+1F1F1
67bff99a-d7a1-4d91-83e9-25b558815f1d,Swaziland,SWZ,SZ,748,268,Mbabane,SZL,Lilangeni,E,.sz,Swaziland,Africa,Southern Africa,"[{zoneName:'Africa\/Mbabane',gmtOffset:7200,gmtOffsetName:'UTC+02:00',abbreviation:'SAST',tzName:'South African Standard Time'}]",-26.50000000,31.50000000,ğŸ‡¸ğŸ‡¿,U+1F1F8 U+1F1FF
68e27545-c220-4b3e-a790-2289118896d2,Uganda,UGA,UG,800,256,Kampala,UGX,Ugandan shilling,USh,.ug,Uganda,Africa,Eastern Africa,"[{zoneName:'Africa\/Kampala',gmtOffset:10800,gmtOffsetName:'UTC+03:00',abbreviation:'EAT',tzName:'East Africa Time'}]",1.00000000,32.00000000,ğŸ‡ºğŸ‡¬,U+1F1FA U+1F1EC
69a12173-2f21-422b-b4d4-38131d2a7f42,Micronesia,FSM,FM,583,691,Palikir,USD,United States dollar,$,.fm,Micronesia,Oceania,Micronesia,"[{zoneName:'Pacific\/Chuuk',gmtOffset:36000,gmtOffsetName:'UTC+10:00',abbreviation:'CHUT',tzName:'Chuuk Time'},{zoneName:'Pacific\/Kosrae',gmtOffset:39600,gmtOffsetName:'UTC+11:00',abbreviation:'KOST',tzName:'Kosrae Time'},{zoneName:'Pacific\/Pohnpei',gmtOffset:39600,gmtOffsetName:'UTC+11:00',abbreviation:'PONT',tzName:'Pohnpei Standard Time'}]",6.91666666,158.25000000,ğŸ‡«ğŸ‡²,U+1F1EB U+1F1F2
6a76f2df-f567-4633-aabd-dae5a0754af3,Anguilla,AIA,AI,660,+1-264,The Valley,XCD,East Caribbean dollar,$,.ai,Anguilla,Americas,Caribbean,"[{zoneName:'America\/Anguilla',gmtOffset:-14400,gmtOffsetName:'UTC-04:00',abbreviation:'AST',tzName:'Atlantic Standard Time'}]",18.25000000,-63.16666666,ğŸ‡¦ğŸ‡®,U+1F1E6 U+1F1EE
6d7cd511-3530-4284-9e02-90113c1f1071,East Timor,TLS,TL,626,670,Dili,USD,United States dollar,$,.tl,Timor-Leste,Asia,South-Eastern Asia,"[{zoneName:'Asia\/Dili',gmtOffset:32400,gmtOffsetName:'UTC+09:00',abbreviation:'TLT',tzName:'Timor Leste Time'}]",-8.83333333,125.91666666,ğŸ‡¹ğŸ‡±,U+1F1F9 U+1F1F1
6e26180e-18c7-4437-b090-6b474bd39485,Lebanon,LBN,LB,422,961,Beirut,LBP,Lebanese pound,Â£,.lb,Ù„Ø¨Ù†Ø§Ù†,Asia,Western Asia,"[{zoneName:'Asia\/Beirut',gmtOffset:7200,gmtOffsetName:'UTC+02:00',abbreviation:'EET',tzName:'Eastern European Time'}]",33.83333333,35.83333333,ğŸ‡±ğŸ‡§,U+1F1F1 U+1F1E7
6f19c4ea-5b6d-49b0-a0c6-9ca2a8cf2174,Jersey,JEY,JE,832,+44-1534,Saint Helier,GBP,British pound,Â£,.je,Jersey,Europe,Northern Europe,"[{zoneName:'Europe\/Jersey',gmtOffset:0,gmtOffsetName:'UTC\u00b100',abbreviation:'GMT',tzName:'Greenwich Mean Time'}]",49.25000000,-2.16666666,ğŸ‡¯ğŸ‡ª,U+1F1EF U+1F1EA
6fc704d7-60bf-4e05-ba0b-d4c32e61f3ab,Wallis And Futuna Islands,WLF,WF,876,681,Mata Utu,XPF,CFP franc,â‚£,.wf,Wallis et Futuna,Oceania,Polynesia,"[{zoneName:'Pacific\/Wallis',gmtOffset:43200,gmtOffsetName:'UTC+12:00',abbreviation:'WFT',tzName:'Wallis & Futuna Time'}]",-13.30000000,-176.20000000,ğŸ‡¼ğŸ‡«,U+1F1FC U+1F1EB
7116e4d4-9e11-4931-a2d1-69b34bcefd99,Palestinian Territory Occupied,PSE,PS,275,970,East Jerusalem,ILS,Israeli new shekel,â‚ª,.ps,ÙÙ„Ø³Ø·ÙŠÙ†,Asia,Western Asia,"[{zoneName:'Asia\/Gaza',gmtOffset:7200,gmtOffsetName:'UTC+02:00',abbreviation:'EET',tzName:'Eastern European Time'},{zoneName:'Asia\/Hebron',gmtOffset:7200,gmtOffsetName:'UTC+02:00',abbreviation:'EET',tzName:'Eastern European Time'}]",31.90000000,35.20000000,ğŸ‡µğŸ‡¸,U+1F1F5 U+1F1F8
7559b5d2-d77b-4ae4-b117-d54e641112b0,Saint-Martin (French part),MAF,MF,663,590,Marigot,EUR,Euro,â‚¬,.mf,Saint-Martin,Americas,Caribbean,"[{zoneName:'America\/Marigot',gmtOffset:-14400,gmtOffsetName:'UTC-04:00',abbreviation:'AST',tzName:'Atlantic Standard Time'}]",18.08333333,-63.95000000,ğŸ‡²ğŸ‡«,U+1F1F2 U+1F1EB
76c81a3d-f848-4ba0-a731-cbddb5a561cd,South Sudan,SSD,SS,728,211,Juba,SSP,South Sudanese pound,Â£,.ss,South Sudan,Africa,Middle Africa,"[{zoneName:'Africa\/Juba',gmtOffset:10800,gmtOffsetName:'UTC+03:00',abbreviation:'EAT',tzName:'East Africa Time'}]",7.00000000,30.00000000,ğŸ‡¸ğŸ‡¸,U+1F1F8 U+1F1F8
7a131aaa-9b97-4942-a789-b796e0d1107c,Antarctica,ATA,AQ,10,672,,AAD,Antarctican dollar,$,.aq,Antarctica,Polar,,"[{zoneName:'Antarctica\/Casey',gmtOffset:39600,gmtOffsetName:'UTC+11:00',abbreviation:'AWST',tzName:'Australian Western Standard Time'},{zoneName:'Antarctica\/Davis',gmtOffset:25200,gmtOffsetName:'UTC+07:00',abbreviation:'DAVT',tzName:'Davis Time'},{zoneName:'Antarctica\/DumontDUrville',gmtOffset:36000,gmtOffsetName:'UTC+10:00',abbreviation:'DDUT',tzName:'Dumont d'Urville Time'},{zoneName:'Antarctica\/Mawson',gmtOffset:18000,gmtOffsetName:'UTC+05:00',abbreviation:'MAWT',tzName:'Mawson Station Time'},{zoneName:'Antarctica\/McMurdo',gmtOffset:46800,gmtOffsetName:'UTC+13:00',abbreviation:'NZDT',tzName:'New Zealand Daylight Time'},{zoneName:'Antarctica\/Palmer',gmtOffset:-10800,gmtOffsetName:'UTC-03:00',abbreviation:'CLST',tzName:'Chile Summer Time'},{zoneName:'Antarctica\/Rothera',gmtOffset:-10800,gmtOffsetName:'UTC-03:00',abbreviation:'ROTT',tzName:'Rothera Research Station Time'},{zoneName:'Antarctica\/Syowa',gmtOffset:10800,gmtOffsetName:'UTC+03:00',abbreviation:'SYOT',tzName:'Showa Station Time'},{zoneName:'Antarctica\/Troll',gmtOffset:0,gmtOffsetName:'UTC\u00b100',abbreviation:'GMT',tzName:'Greenwich Mean Time'},{zoneName:'Antarctica\/Vostok',gmtOffset:21600,gmtOffsetName:'UTC+06:00',abbreviation:'VOST',tzName:'Vostok Station Time'}]",-74.65000000,4.48000000,ğŸ‡¦ğŸ‡¶,U+1F1E6 U+1F1F6
7c3ccca4-57dc-4e53-a080-4d6fd0e42197,Man (Isle of),IMN,IM,833,+44-1624,"Douglas, Isle of Man",GBP,British pound,Â£,.im,Isle of Man,Europe,Northern Europe,"[{zoneName:'Europe\/Isle_of_Man',gmtOffset:0,gmtOffsetName:'UTC\u00b100',abbreviation:'GMT',tzName:'Greenwich Mean Time'}]",54.25000000,-4.50000000,ğŸ‡®ğŸ‡²,U+1F1EE U+1F1F2
7c3f9920-f0e7-4f1b-94d6-e6187bfbe3ec,Mayotte,MYT,YT,175,262,Mamoudzou,EUR,Euro,â‚¬,.yt,Mayotte,Africa,Eastern Africa,"[{zoneName:'Indian\/Mayotte',gmtOffset:10800,gmtOffsetName:'UTC+03:00',abbreviation:'EAT',tzName:'East Africa Time'}]",-12.83333333,45.16666666,ğŸ‡¾ğŸ‡¹,U+1F1FE U+1F1F9
7c7d4734-1faa-47e0-91ba-2a498b356131,Suriname,SUR,SR,740,597,Paramaribo,SRD,Surinamese dollar,$,.sr,Suriname,Americas,South America,"[{zoneName:'America\/Paramaribo',gmtOffset:-10800,gmtOffsetName:'UTC-03:00',abbreviation:'SRT',tzName:'Suriname Time'}]",4.00000000,-56.00000000,ğŸ‡¸ğŸ‡·,U+1F1F8 U+1F1F7
7c834438-8fa6-4a80-bd5a-232b662f7a72,Mauritania,MRT,MR,478,222,Nouakchott,MRO,Mauritanian ouguiya,MRU,.mr,Ù…ÙˆØ±ÙŠØªØ§Ù†ÙŠØ§,Africa,Western Africa,"[{zoneName:'Africa\/Nouakchott',gmtOffset:0,gmtOffsetName:'UTC\u00b100',abbreviation:'GMT',tzName:'Greenwich Mean Time'}]",20.00000000,-12.00000000,ğŸ‡²ğŸ‡·,U+1F1F2 U+1F1F7
7dce1bfe-192a-40b5-9d71-2d2bcfaa4aba,Liechtenstein,LIE,LI,438,423,Vaduz,CHF,Swiss franc,CHf,.li,Liechtenstein,Europe,Western Europe,"[{zoneName:'Europe\/Vaduz',gmtOffset:3600,gmtOffsetName:'UTC+01:00',abbreviation:'CET',tzName:'Central European Time'}]",47.26666666,9.53333333,ğŸ‡±ğŸ‡®,U+1F1F1 U+1F1EE
7de6b0c5-f636-42e0-a6a3-e8c2eed36ae8,Singapore,SGP,SG,702,65,Singapur,SGD,Singapore dollar,$,.sg,Singapore,Asia,South-Eastern Asia,"[{zoneName:'Asia\/Singapore',gmtOffset:28800,gmtOffsetName:'UTC+08:00',abbreviation:'SGT',tzName:'Singapore Time'}]",1.36666666,103.80000000,ğŸ‡¸ğŸ‡¬,U+1F1F8 U+1F1EC
80b074e0-fd09-4977-add7-c628034d2fd0,Syria,SYR,SY,760,963,Damascus,SYP,Syrian pound,LS,.sy,Ø³ÙˆØ±ÙŠØ§,Asia,Western Asia,"[{zoneName:'Asia\/Damascus',gmtOffset:7200,gmtOffsetName:'UTC+02:00',abbreviation:'EET',tzName:'Eastern European Time'}]",35.00000000,38.00000000,ğŸ‡¸ğŸ‡¾,U+1F1F8 U+1F1FE
818d6886-3993-4d69-8700-80b9448efd09,Bhutan,BTN,BT,64,975,Thimphu,BTN,Bhutanese ngultrum,Nu.,.bt,Ê¼brug-yul,Asia,Southern Asia,"[{zoneName:'Asia\/Thimphu',gmtOffset:21600,gmtOffsetName:'UTC+06:00',abbreviation:'BTT',tzName:'Bhutan Time'}]",27.50000000,90.50000000,ğŸ‡§ğŸ‡¹,U+1F1E7 U+1F1F9
8260f629-d32b-419c-b33d-b2e1ca020db2,Peru,PER,PE,604,51,Lima,PEN,Peruvian sol,S/.,.pe,PerÃº,Americas,South America,"[{zoneName:'America\/Lima',gmtOffset:-18000,gmtOffsetName:'UTC-05:00',abbreviation:'PET',tzName:'Peru Time'}]",-10.00000000,-76.00000000,ğŸ‡µğŸ‡ª,U+1F1F5 U+1F1EA
836996c4-64ce-4b20-90d4-ce8824763710,Guyana,GUY,GY,328,592,Georgetown,GYD,Guyanese dollar,$,.gy,Guyana,Americas,South America,"[{zoneName:'America\/Guyana',gmtOffset:-14400,gmtOffsetName:'UTC-04:00',abbreviation:'GYT',tzName:'Guyana Time'}]",5.00000000,-59.00000000,ğŸ‡¬ğŸ‡¾,U+1F1EC U+1F1FE
845952f0-116d-40bc-a7df-847fbfe8ad8a,Malaysia,MYS,MY,458,60,Kuala Lumpur,MYR,Malaysian ringgit,RM,.my,Malaysia,Asia,South-Eastern Asia,"[{zoneName:'Asia\/Kuala_Lumpur',gmtOffset:28800,gmtOffsetName:'UTC+08:00',abbreviation:'MYT',tzName:'Malaysia Time'},{zoneName:'Asia\/Kuching',gmtOffset:28800,gmtOffsetName:'UTC+08:00',abbreviation:'MYT',tzName:'Malaysia Time'}]",2.50000000,112.50000000,ğŸ‡²ğŸ‡¾,U+1F1F2 U+1F1FE
89dd1e05-892b-4ac3-a666-009421e4d3b9,Venezuela,VEN,VE,862,58,Caracas,VEF,BolÃ­var,Bs,.ve,Venezuela,Americas,South America,"[{zoneName:'America\/Caracas',gmtOffset:-14400,gmtOffsetName:'UTC-04:00',abbreviation:'VET',tzName:'Venezuelan Standard Time'}]",8.00000000,-66.00000000,ğŸ‡»ğŸ‡ª,U+1F1FB U+1F1EA
8a184ac1-9b93-496e-b637-486a9e528f19,Norway,NOR,NO,578,47,Oslo,NOK,Norwegian krone,kr,.no,Norge,Europe,Northern Europe,"[{zoneName:'Europe\/Oslo',gmtOffset:3600,gmtOffsetName:'UTC+01:00',abbreviation:'CET',tzName:'Central European Time'}]",62.00000000,10.00000000,ğŸ‡³ğŸ‡´,U+1F1F3 U+1F1F4
8a385549-6318-4670-b039-630fe0dfc50b,Nauru,NRU,NR,520,674,Yaren,AUD,Australian dollar,$,.nr,Nauru,Oceania,Micronesia,"[{zoneName:'Pacific\/Nauru',gmtOffset:43200,gmtOffsetName:'UTC+12:00',abbreviation:'NRT',tzName:'Nauru Time'}]",-0.53333333,166.91666666,ğŸ‡³ğŸ‡·,U+1F1F3 U+1F1F7
8c26f0e0-d367-4411-a0dd-22882faf6c49,French Polynesia,PYF,PF,258,689,Papeete,XPF,CFP franc,â‚£,.pf,PolynÃ©sie franÃ§aise,Oceania,Polynesia,"[{zoneName:'Pacific\/Gambier',gmtOffset:-32400,gmtOffsetName:'UTC-09:00',abbreviation:'GAMT',tzName:'Gambier Islands Time'},{zoneName:'Pacific\/Marquesas',gmtOffset:-34200,gmtOffsetName:'UTC-09:30',abbreviation:'MART',tzName:'Marquesas Islands Time'},{zoneName:'Pacific\/Tahiti',gmtOffset:-36000,gmtOffsetName:'UTC-10:00',abbreviation:'TAHT',tzName:'Tahiti Time'}]",-15.00000000,-140.00000000,ğŸ‡µğŸ‡«,U+1F1F5 U+1F1EB
8c2e74ad-aabd-413c-8c1f-f4218654bf70,Tokelau,TKL,TK,772,690,,NZD,New Zealand dollar,$,.tk,Tokelau,Oceania,Polynesia,"[{zoneName:'Pacific\/Fakaofo',gmtOffset:46800,gmtOffsetName:'UTC+13:00',abbreviation:'TKT',tzName:'Tokelau Time'}]",-9.00000000,-172.00000000,ğŸ‡¹ğŸ‡°,U+1F1F9 U+1F1F0
8f08e0bb-f2cd-407a-a020-8bd58f04e30c,China,CHN,CN,156,86,Beijing,CNY,Chinese yuan,Â¥,.cn,ä¸­å›½,Asia,Eastern Asia,"[{zoneName:'Asia\/Shanghai',gmtOffset:28800,gmtOffsetName:'UTC+08:00',abbreviation:'CST',tzName:'China Standard Time'},{zoneName:'Asia\/Urumqi',gmtOffset:21600,gmtOffsetName:'UTC+06:00',abbreviation:'XJT',tzName:'China Standard Time'}]",35.00000000,105.00000000,ğŸ‡¨ğŸ‡³,U+1F1E8 U+1F1F3
8f969366-1d06-4e7b-aec1-e937f65bf481,Gambia The,GMB,GM,270,220,Banjul,GMD,Gambian dalasi,D,.gm,Gambia,Africa,Western Africa,"[{zoneName:'Africa\/Banjul',gmtOffset:0,gmtOffsetName:'UTC\u00b100',abbreviation:'GMT',tzName:'Greenwich Mean Time'}]",13.46666666,-16.56666666,ğŸ‡¬ğŸ‡²,U+1F1EC U+1F1F2
8fbf2a2c-de89-43b7-a80a-c3fd95ad581c,Faroe Islands,FRO,FO,234,298,Torshavn,DKK,Danish krone,Kr.,.fo,FÃ¸royar,Europe,Northern Europe,"[{zoneName:'Atlantic\/Faroe',gmtOffset:0,gmtOffsetName:'UTC\u00b100',abbreviation:'WET',tzName:'Western European Time'}]",62.00000000,-7.00000000,ğŸ‡«ğŸ‡´,U+1F1EB U+1F1F4
917c0dda-c226-4579-b043-a0ec0391b8d2,Serbia,SRB,RS,688,381,Belgrade,RSD,Serbian dinar,din,.rs,Ğ¡Ñ€Ğ±Ğ¸Ñ˜Ğ°,Europe,Southern Europe,"[{zoneName:'Europe\/Belgrade',gmtOffset:3600,gmtOffsetName:'UTC+01:00',abbreviation:'CET',tzName:'Central European Time'}]",44.00000000,21.00000000,ğŸ‡·ğŸ‡¸,U+1F1F7 U+1F1F8
9277f2b4-3398-4b19-bc87-bb6a0e1d8784,Morocco,MAR,MA,504,212,Rabat,MAD,Moroccan dirham,DH,.ma,Ø§Ù„Ù…ØºØ±Ø¨,Africa,Northern Africa,"[{zoneName:'Africa\/Casablanca',gmtOffset:3600,gmtOffsetName:'UTC+01:00',abbreviation:'WEST',tzName:'Western European Summer Time'}]",32.00000000,-5.00000000,ğŸ‡²ğŸ‡¦,U+1F1F2 U+1F1E6
92ac3885-f23f-4dfe-9e8e-46aa279f2b51,Comoros,COM,KM,174,269,Moroni,KMF,Comorian franc,CF,.km,Komori,Africa,Eastern Africa,"[{zoneName:'Indian\/Comoro',gmtOffset:10800,gmtOffsetName:'UTC+03:00',abbreviation:'EAT',tzName:'East Africa Time'}]",-12.16666666,44.25000000,ğŸ‡°ğŸ‡²,U+1F1F0 U+1F1F2
92f79d8d-efe2-4790-879a-e5e51991d904,Moldova,MDA,MD,498,373,Chisinau,MDL,Moldovan leu,L,.md,Moldova,Europe,Eastern Europe,"[{zoneName:'Europe\/Chisinau',gmtOffset:7200,gmtOffsetName:'UTC+02:00',abbreviation:'EET',tzName:'Eastern European Time'}]",47.00000000,29.00000000,ğŸ‡²ğŸ‡©,U+1F1F2 U+1F1E9
934a691d-3c55-4487-b684-d602007a9bb1,Guadeloupe,GLP,GP,312,590,Basse-Terre,EUR,Euro,â‚¬,.gp,Guadeloupe,Americas,Caribbean,"[{zoneName:'America\/Guadeloupe',gmtOffset:-14400,gmtOffsetName:'UTC-04:00',abbreviation:'AST',tzName:'Atlantic Standard Time'}]",16.25000000,-61.58333300,ğŸ‡¬ğŸ‡µ,U+1F1EC U+1F1F5
9473be5f-9015-4c9b-a8c5-247031d57689,Tajikistan,TJK,TJ,762,992,Dushanbe,TJS,Tajikistani somoni,SM,.tj,Ğ¢Ğ¾Ò·Ğ¸ĞºĞ¸ÑÑ‚Ğ¾Ğ½,Asia,Central Asia,"[{zoneName:'Asia\/Dushanbe',gmtOffset:18000,gmtOffsetName:'UTC+05:00',abbreviation:'TJT',tzName:'Tajikistan Time'}]",39.00000000,71.00000000,ğŸ‡¹ğŸ‡¯,U+1F1F9 U+1F1EF
96b6ce1b-6231-4098-a7d3-40218e022a9e,Cambodia,KHM,KH,116,855,Phnom Penh,KHR,Cambodian riel,KHR,.kh,KÃ¢mpÅ­chÃ©a,Asia,South-Eastern Asia,"[{zoneName:'Asia\/Phnom_Penh',gmtOffset:25200,gmtOffsetName:'UTC+07:00',abbreviation:'ICT',tzName:'Indochina Time'}]",13.00000000,105.00000000,ğŸ‡°ğŸ‡­,U+1F1F0 U+1F1ED
970660b3-044f-47b2-878a-11a4af0a663a,Nicaragua,NIC,NI,558,505,Managua,NIO,Nicaraguan cÃ³rdoba,C$,.ni,Nicaragua,Americas,Central America,"[{zoneName:'America\/Managua',gmtOffset:-21600,gmtOffsetName:'UTC-06:00',abbreviation:'CST',tzName:'Central Standard Time (North America'}]",13.00000000,-85.00000000,ğŸ‡³ğŸ‡®,U+1F1F3 U+1F1EE
9804bffb-440a-4a40-8291-a362e211c806,Montserrat,MSR,MS,500,+1-664,Plymouth,XCD,Eastern Caribbean dollar,$,.ms,Montserrat,Americas,Caribbean,"[{zoneName:'America\/Montserrat',gmtOffset:-14400,gmtOffsetName:'UTC-04:00',abbreviation:'AST',tzName:'Atlantic Standard Time'}]",16.75000000,-62.20000000,ğŸ‡²ğŸ‡¸,U+1F1F2 U+1F1F8
981d3e1a-234c-4717-961d-102fad8d8140,Vietnam,VNM,VN,704,84,Hanoi,VND,Vietnamese Ä‘á»“ng,â‚«,.vn,Viá»‡t Nam,Asia,South-Eastern Asia,"[{zoneName:'Asia\/Ho_Chi_Minh',gmtOffset:25200,gmtOffsetName:'UTC+07:00',abbreviation:'ICT',tzName:'Indochina Time'}]",16.16666666,107.83333333,ğŸ‡»ğŸ‡³,U+1F1FB U+1F1F3
98796229-ddb1-4a20-93e2-dedddb670df7,Saint Kitts And Nevis,KNA,KN,659,+1-869,Basseterre,XCD,Eastern Caribbean dollar,$,.kn,Saint Kitts and Nevis,Americas,Caribbean,"[{zoneName:'America\/St_Kitts',gmtOffset:-14400,gmtOffsetName:'UTC-04:00',abbreviation:'AST',tzName:'Atlantic Standard Time'}]",17.33333333,-62.75000000,ğŸ‡°ğŸ‡³,U+1F1F0 U+1F1F3
996ad194-f2fe-49cc-aae9-d0a430708b0a,Indonesia,IDN,ID,360,62,Jakarta,IDR,Indonesian rupiah,Rp,.id,Indonesia,Asia,South-Eastern Asia,"[{zoneName:'Asia\/Jakarta',gmtOffset:25200,gmtOffsetName:'UTC+07:00',abbreviation:'WIB',tzName:'Western Indonesian Time'},{zoneName:'Asia\/Jayapura',gmtOffset:32400,gmtOffsetName:'UTC+09:00',abbreviation:'WIT',tzName:'Eastern Indonesian Time'},{zoneName:'Asia\/Makassar',gmtOffset:28800,gmtOffsetName:'UTC+08:00',abbreviation:'WITA',tzName:'Central Indonesia Time'},{zoneName:'Asia\/Pontianak',gmtOffset:25200,gmtOffsetName:'UTC+07:00',abbreviation:'WIB',tzName:'Western Indonesian Time'}]",-5.00000000,120.00000000,ğŸ‡®ğŸ‡©,U+1F1EE U+1F1E9
9b80d403-b1aa-4760-b66a-d419a506e6f4,Panama,PAN,PA,591,507,Panama City,PAB,Panamanian balboa,B/.,.pa,PanamÃ¡,Americas,Central America,"[{zoneName:'America\/Panama',gmtOffset:-18000,gmtOffsetName:'UTC-05:00',abbreviation:'EST',tzName:'Eastern Standard Time (North America'}]",9.00000000,-80.00000000,ğŸ‡µğŸ‡¦,U+1F1F5 U+1F1E6
9c5e9c50-5860-4d12-b265-845524776bb0,Niger,NER,NE,562,227,Niamey,XOF,West African CFA franc,CFA,.ne,Niger,Africa,Western Africa,"[{zoneName:'Africa\/Niamey',gmtOffset:3600,gmtOffsetName:'UTC+01:00',abbreviation:'WAT',tzName:'West Africa Time'}]",16.00000000,8.00000000,ğŸ‡³ğŸ‡ª,U+1F1F3 U+1F1EA
a0125569-2d3a-4f11-b917-d5de38e9d856,Guatemala,GTM,GT,320,502,Guatemala City,GTQ,Guatemalan quetzal,Q,.gt,Guatemala,Americas,Central America,"[{zoneName:'America\/Guatemala',gmtOffset:-21600,gmtOffsetName:'UTC-06:00',abbreviation:'CST',tzName:'Central Standard Time (North America'}]",15.50000000,-90.25000000,ğŸ‡¬ğŸ‡¹,U+1F1EC U+1F1F9
a0d0fa9e-a225-41b2-bea6-ba6062c1c4f3,El Salvador,SLV,SV,222,503,San Salvador,USD,United States dollar,$,.sv,El Salvador,Americas,Central America,"[{zoneName:'America\/El_Salvador',gmtOffset:-21600,gmtOffsetName:'UTC-06:00',abbreviation:'CST',tzName:'Central Standard Time (North America'}]",13.83333333,-88.91666666,ğŸ‡¸ğŸ‡»,U+1F1F8 U+1F1FB
a112f1bb-2063-4448-8213-5c7bce105896,Oman,OMN,OM,512,968,Muscat,OMR,Omani rial,.Ø¹.Ø±,.om,Ø¹Ù…Ø§Ù†,Asia,Western Asia,"[{zoneName:'Asia\/Muscat',gmtOffset:14400,gmtOffsetName:'UTC+04:00',abbreviation:'GST',tzName:'Gulf Standard Time'}]",21.00000000,57.00000000,ğŸ‡´ğŸ‡²,U+1F1F4 U+1F1F2
a18c323b-0b4d-4042-89f6-ec7e37c44219,Dominican Republic,DOM,DO,214,+1-809 and 1-829,Santo Domingo,DOP,Dominican peso,$,.do,RepÃºblica Dominicana,Americas,Caribbean,"[{zoneName:'America\/Santo_Domingo',gmtOffset:-14400,gmtOffsetName:'UTC-04:00',abbreviation:'AST',tzName:'Atlantic Standard Time'}]",19.00000000,-70.66666666,ğŸ‡©ğŸ‡´,U+1F1E9 U+1F1F4
a221e942-cdfe-4535-80b1-3b5bb64de2b5,South Georgia,SGS,GS,239,500,Grytviken,GBP,British pound,Â£,.gs,South Georgia,Americas,South America,"[{zoneName:'Atlantic\/South_Georgia',gmtOffset:-7200,gmtOffsetName:'UTC-02:00',abbreviation:'GST',tzName:'South Georgia and the South Sandwich Islands Time'}]",-54.50000000,-37.00000000,ğŸ‡¬ğŸ‡¸,U+1F1EC U+1F1F8
a2481f82-9be4-4074-8404-1cef3ed0c613,Zambia,ZMB,ZM,894,260,Lusaka,ZMW,Zambian kwacha,ZK,.zm,Zambia,Africa,Eastern Africa,"[{zoneName:'Africa\/Lusaka',gmtOffset:7200,gmtOffsetName:'UTC+02:00',abbreviation:'CAT',tzName:'Central Africa Time'}]",-15.00000000,30.00000000,ğŸ‡¿ğŸ‡²,U+1F1FF U+1F1F2
a250069f-b60c-490e-ba6d-601e21ce63d1,Iraq,IRQ,IQ,368,964,Baghdad,IQD,Iraqi dinar,Ø¯.Ø¹,.iq,Ø§Ù„Ø¹Ø±Ø§Ù‚,Asia,Western Asia,"[{zoneName:'Asia\/Baghdad',gmtOffset:10800,gmtOffsetName:'UTC+03:00',abbreviation:'AST',tzName:'Arabia Standard Time'}]",33.00000000,44.00000000,ğŸ‡®ğŸ‡¶,U+1F1EE U+1F1F6
a2957452-0bad-4f7a-b0f5-a7ded49282db,Antigua And Barbuda,ATG,AG,28,+1-268,"St. John's",XCD,Eastern Caribbean dollar,$,.ag,Antigua and Barbuda,Americas,Caribbean,"[{zoneName:'America\/Antigua',gmtOffset:-14400,gmtOffsetName:'UTC-04:00',abbreviation:'AST',tzName:'Atlantic Standard Time'}]",17.05000000,-61.80000000,ğŸ‡¦ğŸ‡¬,U+1F1E6 U+1F1EC
a2966466-a0f7-420d-a189-6e3404401af5,North Korea,PRK,KP,408,850,Pyongyang,KPW,North Korean Won,â‚©,.kp,ë¶í•œ,Asia,Eastern Asia,"[{zoneName:'Asia\/Pyongyang',gmtOffset:32400,gmtOffsetName:'UTC+09:00',abbreviation:'KST',tzName:'Korea Standard Time'}]",40.00000000,127.00000000,ğŸ‡°ğŸ‡µ,U+1F1F0 U+1F1F5
a2a96493-73ac-4a21-bb1c-91935f028891,Ethiopia,ETH,ET,231,251,Addis Ababa,ETB,Ethiopian birr,Nkf,.et,áŠ¢á‰µá‹®áŒµá‹«,Africa,Eastern Africa,"[{zoneName:'Africa\/Addis_Ababa',gmtOffset:10800,gmtOffsetName:'UTC+03:00',abbreviation:'EAT',tzName:'East Africa Time'}]",8.00000000,38.00000000,ğŸ‡ªğŸ‡¹,U+1F1EA U+1F1F9
a60b47e0-181f-434f-b3d6-2197148a068f,Democratic Republic of the Congo,COD,CD,180,243,Kinshasa,CDF,Congolese Franc,FC,.cd,RÃ©publique dÃ©mocratique du Congo,Africa,Middle Africa,"[{zoneName:'Africa\/Kinshasa',gmtOffset:3600,gmtOffsetName:'UTC+01:00',abbreviation:'WAT',tzName:'West Africa Time'},{zoneName:'Africa\/Lubumbashi',gmtOffset:7200,gmtOffsetName:'UTC+02:00',abbreviation:'CAT',tzName:'Central Africa Time'}]",0.00000000,25.00000000,ğŸ‡¨ğŸ‡©,U+1F1E8 U+1F1E9
a787e6f5-2cfd-4b51-af64-e50a60591f42,Finland,FIN,FI,246,358,Helsinki,EUR,Euro,â‚¬,.fi,Suomi,Europe,Northern Europe,"[{zoneName:'Europe\/Helsinki',gmtOffset:7200,gmtOffsetName:'UTC+02:00',abbreviation:'EET',tzName:'Eastern European Time'}]",64.00000000,26.00000000,ğŸ‡«ğŸ‡®,U+1F1EB U+1F1EE
a93d0a6f-6ab7-4838-b083-f7d9860068f4,Botswana,BWA,BW,72,267,Gaborone,BWP,Botswana pula,P,.bw,Botswana,Africa,Southern Africa,"[{zoneName:'Africa\/Gaborone',gmtOffset:7200,gmtOffsetName:'UTC+02:00',abbreviation:'CAT',tzName:'Central Africa Time'}]",-22.00000000,24.00000000,ğŸ‡§ğŸ‡¼,U+1F1E7 U+1F1FC
aa124b2a-ba0e-44e8-8c2b-453c6f2677ce,Ireland,IRL,IE,372,353,Dublin,EUR,Euro,â‚¬,.ie,Ã‰ire,Europe,Northern Europe,"[{zoneName:'Europe\/Dublin',gmtOffset:0,gmtOffsetName:'UTC\u00b100',abbreviation:'GMT',tzName:'Greenwich Mean Time'}]",53.00000000,-8.00000000,ğŸ‡®ğŸ‡ª,U+1F1EE U+1F1EA
aa240b4e-2594-41b0-8866-628004d91850,Sudan,SDN,SD,729,249,Khartoum,SDG,Sudanese pound,.Ø³.Ø¬,.sd,Ø§Ù„Ø³ÙˆØ¯Ø§Ù†,Africa,Northern Africa,"[{zoneName:'Africa\/Khartoum',gmtOffset:7200,gmtOffsetName:'UTC+02:00',abbreviation:'EAT',tzName:'Eastern African Time'}]",15.00000000,30.00000000,ğŸ‡¸ğŸ‡©,U+1F1F8 U+1F1E9
aa74d44c-be38-43f8-9566-4ad58681b280,Solomon Islands,SLB,SB,90,677,Honiara,SBD,Solomon Islands dollar,Si$,.sb,Solomon Islands,Oceania,Melanesia,"[{zoneName:'Pacific\/Guadalcanal',gmtOffset:39600,gmtOffsetName:'UTC+11:00',abbreviation:'SBT',tzName:'Solomon Islands Time'}]",-8.00000000,159.00000000,ğŸ‡¸ğŸ‡§,U+1F1F8 U+1F1E7
ab22d932-456a-4047-b997-a1617b9388fa,Tuvalu,TUV,TV,798,688,Funafuti,AUD,Australian dollar,$,.tv,Tuvalu,Oceania,Polynesia,"[{zoneName:'Pacific\/Funafuti',gmtOffset:43200,gmtOffsetName:'UTC+12:00',abbreviation:'TVT',tzName:'Tuvalu Time'}]",-8.00000000,178.00000000,ğŸ‡¹ğŸ‡»,U+1F1F9 U+1F1FB
ad41d4ed-f2da-4466-ad49-482979063643,Aruba,ABW,AW,533,297,Oranjestad,AWG,Aruban florin,Æ’,.aw,Aruba,Americas,Caribbean,"[{zoneName:'America\/Aruba',gmtOffset:-14400,gmtOffsetName:'UTC-04:00',abbreviation:'AST',tzName:'Atlantic Standard Time'}]",12.50000000,-69.96666666,ğŸ‡¦ğŸ‡¼,U+1F1E6 U+1F1FC
addbda5d-1a29-418d-a50c-206a9c44368f,Brunei,BRN,BN,96,673,Bandar Seri Begawan,BND,Brunei dollar,B$,.bn,Negara Brunei Darussalam,Asia,South-Eastern Asia,"[{zoneName:'Asia\/Brunei',gmtOffset:28800,gmtOffsetName:'UTC+08:00',abbreviation:'BNT',tzName:'Brunei Darussalam Time'}]",4.50000000,114.66666666,ğŸ‡§ğŸ‡³,U+1F1E7 U+1F1F3
ae2fd5a7-3d9a-43d5-93f0-e72f9a37a85f,Portugal,PRT,PT,620,351,Lisbon,EUR,Euro,â‚¬,.pt,Portugal,Europe,Southern Europe,"[{zoneName:'Atlantic\/Azores',gmtOffset:-3600,gmtOffsetName:'UTC-01:00',abbreviation:'AZOT',tzName:'Azores Standard Time'},{zoneName:'Atlantic\/Madeira',gmtOffset:0,gmtOffsetName:'UTC\u00b100',abbreviation:'WET',tzName:'Western European Time'},{zoneName:'Europe\/Lisbon',gmtOffset:0,gmtOffsetName:'UTC\u00b100',abbreviation:'WET',tzName:'Western European Time'}]",39.50000000,-8.00000000,ğŸ‡µğŸ‡¹,U+1F1F5 U+1F1F9
aed455c3-2306-4e03-9d4e-49c1c3416f48,United Arab Emirates,ARE,AE,784,971,Abu Dhabi,AED,United Arab Emirates dirham,Ø¥.Ø¯,.ae,Ø¯ÙˆÙ„Ø© Ø§Ù„Ø¥Ù…Ø§Ø±Ø§Øª Ø§Ù„Ø¹Ø±Ø¨ÙŠØ© Ø§Ù„Ù…ØªØ­Ø¯Ø©,Asia,Western Asia,"[{zoneName:'Asia\/Dubai',gmtOffset:14400,gmtOffsetName:'UTC+04:00',abbreviation:'GST',tzName:'Gulf Standard Time'}]",24.00000000,54.00000000,ğŸ‡¦ğŸ‡ª,U+1F1E6 U+1F1EA
afee3017-936d-4c49-8923-b38de6dc703e,Angola,AGO,AO,24,244,Luanda,AOA,Angolan kwanza,Kz,.ao,Angola,Africa,Middle Africa,"[{zoneName:'Africa\/Luanda',gmtOffset:3600,gmtOffsetName:'UTC+01:00',abbreviation:'WAT',tzName:'West Africa Time'}]",-12.50000000,18.50000000,ğŸ‡¦ğŸ‡´,U+1F1E6 U+1F1F4
b148ff2f-688b-47b4-a9bd-bea9ac6b418c,Tonga,TON,TO,776,676,"Nuku'alofa",TOP,Tongan paÊ»anga,$,.to,Tonga,Oceania,Polynesia,"[{zoneName:'Pacific\/Tongatapu',gmtOffset:46800,gmtOffsetName:'UTC+13:00',abbreviation:'TOT',tzName:'Tonga Time'}]",-20.00000000,-175.00000000,ğŸ‡¹ğŸ‡´,U+1F1F9 U+1F1F4
b175b58b-335a-4ba0-bdd5-eb32cae88620,New Caledonia,NCL,NC,540,687,Noumea,XPF,CFP franc,â‚£,.nc,Nouvelle-CalÃ©donie,Oceania,Melanesia,"[{zoneName:'Pacific\/Noumea',gmtOffset:39600,gmtOffsetName:'UTC+11:00',abbreviation:'NCT',tzName:'New Caledonia Time'}]",-21.50000000,165.50000000,ğŸ‡³ğŸ‡¨,U+1F1F3 U+1F1E8
b2cd31ab-3c8e-41b0-be54-0489397ac728,Namibia,NAM,NA,516,264,Windhoek,NAD,Namibian dollar,$,.na,Namibia,Africa,Southern Africa,"[{zoneName:'Africa\/Windhoek',gmtOffset:7200,gmtOffsetName:'UTC+02:00',abbreviation:'WAST',tzName:'West Africa Summer Time'}]",-22.00000000,17.00000000,ğŸ‡³ğŸ‡¦,U+1F1F3 U+1F1E6
b4dc20ce-4ec0-4d08-9074-55debfcdf2b9,Zimbabwe,ZWE,ZW,716,263,Harare,ZWL,Zimbabwe Dollar,$,.zw,Zimbabwe,Africa,Eastern Africa,"[{zoneName:'Africa\/Harare',gmtOffset:7200,gmtOffsetName:'UTC+02:00',abbreviation:'CAT',tzName:'Central Africa Time'}]",-20.00000000,30.00000000,ğŸ‡¿ğŸ‡¼,U+1F1FF U+1F1FC
b524dc2d-1afd-4dd6-8181-f3f8e9d5b90f,Denmark,DNK,DK,208,45,Copenhagen,DKK,Danish krone,Kr.,.dk,Danmark,Europe,Northern Europe,"[{zoneName:'Europe\/Copenhagen',gmtOffset:3600,gmtOffsetName:'UTC+01:00',abbreviation:'CET',tzName:'Central European Time'}]",56.00000000,10.00000000,ğŸ‡©ğŸ‡°,U+1F1E9 U+1F1F0
b58042ef-ed82-453d-b962-104935cb5f2c,Guernsey and Alderney,GGY,GG,831,+44-1481,St Peter Port,GBP,British pound,Â£,.gg,Guernsey,Europe,Northern Europe,"[{zoneName:'Europe\/Guernsey',gmtOffset:0,gmtOffsetName:'UTC\u00b100',abbreviation:'GMT',tzName:'Greenwich Mean Time'}]",49.46666666,-2.58333333,ğŸ‡¬ğŸ‡¬,U+1F1EC U+1F1EC
b71c561a-e036-4564-84a8-26312c384b44,South Africa,ZAF,ZA,710,27,Pretoria,ZAR,South African rand,R,.za,South Africa,Africa,Southern Africa,"[{zoneName:'Africa\/Johannesburg',gmtOffset:7200,gmtOffsetName:'UTC+02:00',abbreviation:'SAST',tzName:'South African Standard Time'}]",-29.00000000,24.00000000,ğŸ‡¿ğŸ‡¦,U+1F1FF U+1F1E6
b7205523-579c-479a-bd22-e6712098b285,Honduras,HND,HN,340,504,Tegucigalpa,HNL,Honduran lempira,L,.hn,Honduras,Americas,Central America,"[{zoneName:'America\/Tegucigalpa',gmtOffset:-21600,gmtOffsetName:'UTC-06:00',abbreviation:'CST',tzName:'Central Standard Time (North America'}]",15.00000000,-86.50000000,ğŸ‡­ğŸ‡³,U+1F1ED U+1F1F3
b7a31a09-1552-44f3-b8b1-367886516506,Kosovo,XKX,XK,926,383,Pristina,EUR,Euro,â‚¬,.xk,Republika e KosovÃ«s,Europe,Eastern Europe,"[{zoneName:'Europe\/Belgrade',gmtOffset:3600,gmtOffsetName:'UTC+01:00',abbreviation:'CET',tzName:'Central European Time'}]",42.56129090,20.34030350,ğŸ‡½ğŸ‡°,U+1F1FD U+1F1F0
b8c42e73-1fd8-4b59-a399-6cd97b620beb,Uruguay,URY,UY,858,598,Montevideo,UYU,Uruguayan peso,$,.uy,Uruguay,Americas,South America,"[{zoneName:'America\/Montevideo',gmtOffset:-10800,gmtOffsetName:'UTC-03:00',abbreviation:'UYT',tzName:'Uruguay Standard Time'}]",-33.00000000,-56.00000000,ğŸ‡ºğŸ‡¾,U+1F1FA U+1F1FE
ba4346cb-2ae3-48ab-9f62-621198a4a9df,Marshall Islands,MHL,MH,584,692,Majuro,USD,United States dollar,$,.mh,MÌ§ajeÄ¼,Oceania,Micronesia,"[{zoneName:'Pacific\/Kwajalein',gmtOffset:43200,gmtOffsetName:'UTC+12:00',abbreviation:'MHT',tzName:'Marshall Islands Time'},{zoneName:'Pacific\/Majuro',gmtOffset:43200,gmtOffsetName:'UTC+12:00',abbreviation:'MHT',tzName:'Marshall Islands Time'}]",9.00000000,168.00000000,ğŸ‡²ğŸ‡­,U+1F1F2 U+1F1ED
ba9d2406-bbdf-4f65-b8b2-1a0d4383828b,Saint Helena,SHN,SH,654,290,Jamestown,SHP,Saint Helena pound,Â£,.sh,Saint Helena,Africa,Western Africa,"[{zoneName:'Atlantic\/St_Helena',gmtOffset:0,gmtOffsetName:'UTC\u00b100',abbreviation:'GMT',tzName:'Greenwich Mean Time'}]",-15.95000000,-5.70000000,ğŸ‡¸ğŸ‡­,U+1F1F8 U+1F1ED
bb93326e-a26b-4ece-ab65-1dfa9113e53c,Central African Republic,CAF,CF,140,236,Bangui,XAF,Central African CFA franc,FCFA,.cf,KÃ¶dÃ¶rÃ¶sÃªse tÃ® BÃªafrÃ®ka,Africa,Middle Africa,"[{zoneName:'Africa\/Bangui',gmtOffset:3600,gmtOffsetName:'UTC+01:00',abbreviation:'WAT',tzName:'West Africa Time'}]",7.00000000,21.00000000,ğŸ‡¨ğŸ‡«,U+1F1E8 U+1F1EB
bcf3d161-d07f-437c-b022-a6ed64c2b8f4,Czech Republic,CZE,CZ,203,420,Prague,CZK,Czech koruna,KÄ,.cz,ÄŒeskÃ¡ republika,Europe,Eastern Europe,"[{zoneName:'Europe\/Prague',gmtOffset:3600,gmtOffsetName:'UTC+01:00',abbreviation:'CET',tzName:'Central European Time'}]",49.75000000,15.50000000,ğŸ‡¨ğŸ‡¿,U+1F1E8 U+1F1FF
beff52a9-0ef9-481e-99c3-2722cf55226a,Madagascar,MDG,MG,450,261,Antananarivo,MGA,Malagasy ariary,Ar,.mg,Madagasikara,Africa,Eastern Africa,"[{zoneName:'Indian\/Antananarivo',gmtOffset:10800,gmtOffsetName:'UTC+03:00',abbreviation:'EAT',tzName:'East Africa Time'}]",-20.00000000,47.00000000,ğŸ‡²ğŸ‡¬,U+1F1F2 U+1F1EC
bf3acd31-fc66-4d74-b46e-a9e02ea1d177,United States Minor Outlying Islands,UMI,UM,581,1,,USD,United States dollar,$,.us,United States Minor Outlying Islands,Americas,Northern America,"[{zoneName:'Pacific\/Midway',gmtOffset:-39600,gmtOffsetName:'UTC-11:00',abbreviation:'SST',tzName:'Samoa Standard Time'},{zoneName:'Pacific\/Wake',gmtOffset:43200,gmtOffsetName:'UTC+12:00',abbreviation:'WAKT',tzName:'Wake Island Time'}]",0.00000000,0.00000000,ğŸ‡ºğŸ‡²,U+1F1FA U+1F1F2
c0d04dbb-b56a-4a06-b1bd-9391b33ed0f4,Kuwait,KWT,KW,414,965,Kuwait City,KWD,Kuwaiti dinar,Ùƒ.Ø¯,.kw,Ø§Ù„ÙƒÙˆÙŠØª,Asia,Western Asia,"[{zoneName:'Asia\/Kuwait',gmtOffset:10800,gmtOffsetName:'UTC+03:00',abbreviation:'AST',tzName:'Arabia Standard Time'}]",29.50000000,45.75000000,ğŸ‡°ğŸ‡¼,U+1F1F0 U+1F1FC
c22f35cf-d178-4a10-ae98-ef1934cb64ed,Norfolk Island,NFK,NF,574,672,Kingston,AUD,Australian dollar,$,.nf,Norfolk Island,Oceania,Australia and New Zealand,"[{zoneName:'Pacific\/Norfolk',gmtOffset:43200,gmtOffsetName:'UTC+12:00',abbreviation:'NFT',tzName:'Norfolk Time'}]",-29.03333333,167.95000000,ğŸ‡³ğŸ‡«,U+1F1F3 U+1F1EB
c2a7403a-a2ba-4ca4-b34a-e5242d7a3198,Eritrea,ERI,ER,232,291,Asmara,ERN,Eritrean nakfa,Nfk,.er,áŠ¤áˆ­á‰µáˆ«,Africa,Eastern Africa,"[{zoneName:'Africa\/Asmara',gmtOffset:10800,gmtOffsetName:'UTC+03:00',abbreviation:'EAT',tzName:'East Africa Time'}]",15.00000000,39.00000000,ğŸ‡ªğŸ‡·,U+1F1EA U+1F1F7
c2a97dfb-4e18-4592-b474-9033c4378776,Luxembourg,LUX,LU,442,352,Luxembourg,EUR,Euro,â‚¬,.lu,Luxembourg,Europe,Western Europe,"[{zoneName:'Europe\/Luxembourg',gmtOffset:3600,gmtOffsetName:'UTC+01:00',abbreviation:'CET',tzName:'Central European Time'}]",49.75000000,6.16666666,ğŸ‡±ğŸ‡º,U+1F1F1 U+1F1FA
c470de8d-2d9e-4688-bf4b-7a998999db06,Ghana,GHA,GH,288,233,Accra,GHS,Ghanaian cedi,GHâ‚µ,.gh,Ghana,Africa,Western Africa,"[{zoneName:'Africa\/Accra',gmtOffset:0,gmtOffsetName:'UTC\u00b100',abbreviation:'GMT',tzName:'Greenwich Mean Time'}]",8.00000000,-2.00000000,ğŸ‡¬ğŸ‡­,U+1F1EC U+1F1ED
c5142a71-f5e7-4637-9fb5-df008b206bdc,Montenegro,MNE,ME,499,382,Podgorica,EUR,Euro,â‚¬,.me,Ğ¦Ñ€Ğ½Ğ° Ğ“Ğ¾Ñ€Ğ°,Europe,Southern Europe,"[{zoneName:'Europe\/Podgorica',gmtOffset:3600,gmtOffsetName:'UTC+01:00',abbreviation:'CET',tzName:'Central European Time'}]",42.50000000,19.30000000,ğŸ‡²ğŸ‡ª,U+1F1F2 U+1F1EA
c5d014fa-133e-4788-9930-5d4a66bba6b7,Maldives,MDV,MV,462,960,Male,MVR,Maldivian rufiyaa,Rf,.mv,Maldives,Asia,Southern Asia,"[{zoneName:'Indian\/Maldives',gmtOffset:18000,gmtOffsetName:'UTC+05:00',abbreviation:'MVT',tzName:'Maldives Time'}]",3.25000000,73.00000000,ğŸ‡²ğŸ‡»,U+1F1F2 U+1F1FB
c69a99ea-5e7c-45f6-9f65-83795b12e7b3,French Guiana,GUF,GF,254,594,Cayenne,EUR,Euro,â‚¬,.gf,Guyane franÃ§aise,Americas,South America,"[{zoneName:'America\/Cayenne',gmtOffset:-10800,gmtOffsetName:'UTC-03:00',abbreviation:'GFT',tzName:'French Guiana Time'}]",4.00000000,-53.00000000,ğŸ‡¬ğŸ‡«,U+1F1EC U+1F1EB
c7e4c06a-d574-4a90-a472-c638f14c4f20,Kenya,KEN,KE,404,254,Nairobi,KES,Kenyan shilling,KSh,.ke,Kenya,Africa,Eastern Africa,"[{zoneName:'Africa\/Nairobi',gmtOffset:10800,gmtOffsetName:'UTC+03:00',abbreviation:'EAT',tzName:'East Africa Time'}]",1.00000000,38.00000000,ğŸ‡°ğŸ‡ª,U+1F1F0 U+1F1EA
c8282bc7-f343-4a40-b180-aa81d5ad9936,Spain,ESP,ES,724,34,Madrid,EUR,Euro,â‚¬,.es,EspaÃ±a,Europe,Southern Europe,"[{zoneName:'Africa\/Ceuta',gmtOffset:3600,gmtOffsetName:'UTC+01:00',abbreviation:'CET',tzName:'Central European Time'},{zoneName:'Atlantic\/Canary',gmtOffset:0,gmtOffsetName:'UTC\u00b100',abbreviation:'WET',tzName:'Western European Time'},{zoneName:'Europe\/Madrid',gmtOffset:3600,gmtOffsetName:'UTC+01:00',abbreviation:'CET',tzName:'Central European Time'}]",40.00000000,-4.00000000,ğŸ‡ªğŸ‡¸,U+1F1EA U+1F1F8
c8718383-6d47-45c1-bf27-3c93a03415f0,Heard Island and McDonald Islands,HMD,HM,334,672,,AUD,Australian dollar,$,.hm,Heard Island and McDonald Islands,,,"[{zoneName:'Indian\/Kerguelen',gmtOffset:18000,gmtOffsetName:'UTC+05:00',abbreviation:'TFT',tzName:'French Southern and Antarctic Time'}]",-53.10000000,72.51666666,ğŸ‡­ğŸ‡²,U+1F1ED U+1F1F2
c8dbba24-ac66-4976-a608-632b5bbc800a,The Bahamas,BHS,BS,44,+1-242,Nassau,BSD,Bahamian dollar,B$,.bs,Bahamas,Americas,Caribbean,"[{zoneName:'America\/Nassau',gmtOffset:-18000,gmtOffsetName:'UTC-05:00',abbreviation:'EST',tzName:'Eastern Standard Time (North America)'}]",24.25000000,-76.00000000,ğŸ‡§ğŸ‡¸,U+1F1E7 U+1F1F8
c923f6d8-8bfb-4325-b650-f4f401b171c7,Macau S.A.R.,MAC,MO,446,853,Macao,MOP,Macanese pataca,$,.mo,æ¾³é–€,Asia,Eastern Asia,"[{zoneName:'Asia\/Macau',gmtOffset:28800,gmtOffsetName:'UTC+08:00',abbreviation:'CST',tzName:'China Standard Time'}]",22.16666666,113.55000000,ğŸ‡²ğŸ‡´,U+1F1F2 U+1F1F4
c9b6039a-1d94-4605-bb79-d304f9115392,Sint Maarten (Dutch part),SXM,SX,534,1721,Philipsburg,ANG,Netherlands Antillean guilder,Æ’,.sx,Sint Maarten,Americas,Caribbean,"[{zoneName:'America\/Anguilla',gmtOffset:-14400,gmtOffsetName:'UTC-04:00',abbreviation:'AST',tzName:'Atlantic Standard Time'}]",18.03333300,-63.05000000,ğŸ‡¸ğŸ‡½,U+1F1F8 U+1F1FD
cca9ed3c-4e14-4073-9a26-fdb9117226e2,Saudi Arabia,SAU,SA,682,966,Riyadh,SAR,Saudi riyal,ï·¼,.sa,Ø§Ù„Ù…Ù…Ù„ÙƒØ© Ø§Ù„Ø¹Ø±Ø¨ÙŠØ© Ø§Ù„Ø³Ø¹ÙˆØ¯ÙŠØ©,Asia,Western Asia,"[{zoneName:'Asia\/Riyadh',gmtOffset:10800,gmtOffsetName:'UTC+03:00',abbreviation:'AST',tzName:'Arabia Standard Time'}]",25.00000000,45.00000000,ğŸ‡¸ğŸ‡¦,U+1F1F8 U+1F1E6
cd02ea20-0f8b-4a5a-af3d-77a5ee66628c,Cameroon,CMR,CM,120,237,Yaounde,XAF,Central African CFA franc,FCFA,.cm,Cameroon,Africa,Middle Africa,"[{zoneName:'Africa\/Douala',gmtOffset:3600,gmtOffsetName:'UTC+01:00',abbreviation:'WAT',tzName:'West Africa Time'}]",6.00000000,12.00000000,ğŸ‡¨ğŸ‡²,U+1F1E8 U+1F1F2
ce08f597-c9e5-415c-a66a-071b292c1ee6,Mozambique,MOZ,MZ,508,258,Maputo,MZN,Mozambican metical,MT,.mz,MoÃ§ambique,Africa,Eastern Africa,"[{zoneName:'Africa\/Maputo',gmtOffset:7200,gmtOffsetName:'UTC+02:00',abbreviation:'CAT',tzName:'Central Africa Time'}]",-18.25000000,35.00000000,ğŸ‡²ğŸ‡¿,U+1F1F2 U+1F1FF
ce1ae2e2-9acc-4a44-92d3-29b476dd8e41,Paraguay,PRY,PY,600,595,Asuncion,PYG,Paraguayan guarani,â‚²,.py,Paraguay,Americas,South America,"[{zoneName:'America\/Asuncion',gmtOffset:-10800,gmtOffsetName:'UTC-03:00',abbreviation:'PYST',tzName:'Paraguay Summer Time'}]",-23.00000000,-58.00000000,ğŸ‡µğŸ‡¾,U+1F1F5 U+1F1FE
ce48cb7e-5e00-4f70-a822-568ffb2e227c,Saint Lucia,LCA,LC,662,+1-758,Castries,XCD,Eastern Caribbean dollar,$,.lc,Saint Lucia,Americas,Caribbean,"[{zoneName:'America\/St_Lucia',gmtOffset:-14400,gmtOffsetName:'UTC-04:00',abbreviation:'AST',tzName:'Atlantic Standard Time'}]",13.88333333,-60.96666666,ğŸ‡±ğŸ‡¨,U+1F1F1 U+1F1E8
cead76ae-a3b4-4506-a4ea-2526c8bf6c6c,Gibraltar,GIB,GI,292,350,Gibraltar,GIP,Gibraltar pound,Â£,.gi,Gibraltar,Europe,Southern Europe,"[{zoneName:'Europe\/Gibraltar',gmtOffset:3600,gmtOffsetName:'UTC+01:00',abbreviation:'CET',tzName:'Central European Time'}]",36.13333333,-5.35000000,ğŸ‡¬ğŸ‡®,U+1F1EC U+1F1EE
cf4ada5a-1ce4-41f6-bd93-f7414eaafa93,Uzbekistan,UZB,UZ,860,998,Tashkent,UZS,Uzbekistani soÊ»m,Ğ»Ğ²,.uz,Oâ€˜zbekiston,Asia,Central Asia,"[{zoneName:'Asia\/Samarkand',gmtOffset:18000,gmtOffsetName:'UTC+05:00',abbreviation:'UZT',tzName:'Uzbekistan Time'},{zoneName:'Asia\/Tashkent',gmtOffset:18000,gmtOffsetName:'UTC+05:00',abbreviation:'UZT',tzName:'Uzbekistan Time'}]",41.00000000,64.00000000,ğŸ‡ºğŸ‡¿,U+1F1FA U+1F1FF
cf8051dc-f88b-4e3e-a1d9-8c82907d595e,India,IND,IN,356,91,New Delhi,INR,Indian rupee,â‚¹,.in,à¤­à¤¾à¤°à¤¤,Asia,Southern Asia,"[{zoneName:'Asia\/Kolkata',gmtOffset:19800,gmtOffsetName:'UTC+05:30',abbreviation:'IST',tzName:'Indian Standard Time'}]",20.00000000,77.00000000,ğŸ‡®ğŸ‡³,U+1F1EE U+1F1F3
d068ddd6-9862-44fe-9874-f49b42598eea,Algeria,DZA,DZ,12,213,Algiers,DZD,Algerian dinar,Ø¯Ø¬,.dz,Ø§Ù„Ø¬Ø²Ø§Ø¦Ø±,Africa,Northern Africa,"[{zoneName:'Africa\/Algiers',gmtOffset:3600,gmtOffsetName:'UTC+01:00',abbreviation:'CET',tzName:'Central European Time'}]",28.00000000,3.00000000,ğŸ‡©ğŸ‡¿,U+1F1E9 U+1F1FF
d1c80e15-b872-462d-a0d7-da8c088002fe,Equatorial Guinea,GNQ,GQ,226,240,Malabo,XAF,Central African CFA franc,FCFA,.gq,Guinea Ecuatorial,Africa,Middle Africa,"[{zoneName:'Africa\/Malabo',gmtOffset:3600,gmtOffsetName:'UTC+01:00',abbreviation:'WAT',tzName:'West Africa Time'}]",2.00000000,10.00000000,ğŸ‡¬ğŸ‡¶,U+1F1EC U+1F1F6
d1f9a5ff-e514-45dc-9b96-e796280d6094,Palau,PLW,PW,585,680,Melekeok,USD,United States dollar,$,.pw,Palau,Oceania,Micronesia,"[{zoneName:'Pacific\/Palau',gmtOffset:32400,gmtOffsetName:'UTC+09:00',abbreviation:'PWT',tzName:'Palau Time'}]",7.50000000,134.50000000,ğŸ‡µğŸ‡¼,U+1F1F5 U+1F1FC
d22c32e9-0692-4516-adfd-898655f233d7,Italy,ITA,IT,380,39,Rome,EUR,Euro,â‚¬,.it,Italia,Europe,Southern Europe,"[{zoneName:'Europe\/Rome',gmtOffset:3600,gmtOffsetName:'UTC+01:00',abbreviation:'CET',tzName:'Central European Time'}]",42.83333333,12.83333333,ğŸ‡®ğŸ‡¹,U+1F1EE U+1F1F9
d3575164-9d6b-4369-a950-20fef8b2de8f,Mauritius,MUS,MU,480,230,Port Louis,MUR,Mauritian rupee,â‚¨,.mu,Maurice,Africa,Eastern Africa,"[{zoneName:'Indian\/Mauritius',gmtOffset:14400,gmtOffsetName:'UTC+04:00',abbreviation:'MUT',tzName:'Mauritius Time'}]",-20.28333333,57.55000000,ğŸ‡²ğŸ‡º,U+1F1F2 U+1F1FA
d73d7670-efe7-473f-bbcb-3926a594c3ff,Dominica,DMA,DM,212,+1-767,Roseau,XCD,Eastern Caribbean dollar,$,.dm,Dominica,Americas,Caribbean,"[{zoneName:'America\/Dominica',gmtOffset:-14400,gmtOffsetName:'UTC-04:00',abbreviation:'AST',tzName:'Atlantic Standard Time'}]",15.41666666,-61.33333333,ğŸ‡©ğŸ‡²,U+1F1E9 U+1F1F2
d7411d12-035d-4f32-9d33-8a3993487add,Canada,CAN,CA,124,1,Ottawa,CAD,Canadian dollar,$,.ca,Canada,Americas,Northern America,"[{zoneName:'America\/Atikokan',gmtOffset:-18000,gmtOffsetName:'UTC-05:00',abbreviation:'EST',tzName:'Eastern Standard Time (North America)'},{zoneName:'America\/Blanc-Sablon',gmtOffset:-14400,gmtOffsetName:'UTC-04:00',abbreviation:'AST',tzName:'Atlantic Standard Time'},{zoneName:'America\/Cambridge_Bay',gmtOffset:-25200,gmtOffsetName:'UTC-07:00',abbreviation:'MST',tzName:'Mountain Standard Time (North America)'},{zoneName:'America\/Creston',gmtOffset:-25200,gmtOffsetName:'UTC-07:00',abbreviation:'MST',tzName:'Mountain Standard Time (North America)'},{zoneName:'America\/Dawson',gmtOffset:-25200,gmtOffsetName:'UTC-07:00',abbreviation:'MST',tzName:'Mountain Standard Time (North America)'},{zoneName:'America\/Dawson_Creek',gmtOffset:-25200,gmtOffsetName:'UTC-07:00',abbreviation:'MST',tzName:'Mountain Standard Time (North America)'},{zoneName:'America\/Edmonton',gmtOffset:-25200,gmtOffsetName:'UTC-07:00',abbreviation:'MST',tzName:'Mountain Standard Time (North America)'},{zoneName:'America\/Fort_Nelson',gmtOffset:-25200,gmtOffsetName:'UTC-07:00',abbreviation:'MST',tzName:'Mountain Standard Time (North America)'},{zoneName:'America\/Glace_Bay',gmtOffset:-14400,gmtOffsetName:'UTC-04:00',abbreviation:'AST',tzName:'Atlantic Standard Time'},{zoneName:'America\/Goose_Bay',gmtOffset:-14400,gmtOffsetName:'UTC-04:00',abbreviation:'AST',tzName:'Atlantic Standard Time'},{zoneName:'America\/Halifax',gmtOffset:-14400,gmtOffsetName:'UTC-04:00',abbreviation:'AST',tzName:'Atlantic Standard Time'},{zoneName:'America\/Inuvik',gmtOffset:-25200,gmtOffsetName:'UTC-07:00',abbreviation:'MST',tzName:'Mountain Standard Time (North America'},{zoneName:'America\/Iqaluit',gmtOffset:-18000,gmtOffsetName:'UTC-05:00',abbreviation:'EST',tzName:'Eastern Standard Time (North America'},{zoneName:'America\/Moncton',gmtOffset:-14400,gmtOffsetName:'UTC-04:00',abbreviation:'AST',tzName:'Atlantic Standard Time'},{zoneName:'America\/Nipigon',gmtOffset:-18000,gmtOffsetName:'UTC-05:00',abbreviation:'EST',tzName:'Eastern Standard Time (North America'},{zoneName:'America\/Pangnirtung',gmtOffset:-18000,gmtOffsetName:'UTC-05:00',abbreviation:'EST',tzName:'Eastern Standard Time (North America'},{zoneName:'America\/Rainy_River',gmtOffset:-21600,gmtOffsetName:'UTC-06:00',abbreviation:'CST',tzName:'Central Standard Time (North America'},{zoneName:'America\/Rankin_Inlet',gmtOffset:-21600,gmtOffsetName:'UTC-06:00',abbreviation:'CST',tzName:'Central Standard Time (North America'},{zoneName:'America\/Regina',gmtOffset:-21600,gmtOffsetName:'UTC-06:00',abbreviation:'CST',tzName:'Central Standard Time (North America'},{zoneName:'America\/Resolute',gmtOffset:-21600,gmtOffsetName:'UTC-06:00',abbreviation:'CST',tzName:'Central Standard Time (North America'},{zoneName:'America\/St_Johns',gmtOffset:-12600,gmtOffsetName:'UTC-03:30',abbreviation:'NST',tzName:'Newfoundland Standard Time'},{zoneName:'America\/Swift_Current',gmtOffset:-21600,gmtOffsetName:'UTC-06:00',abbreviation:'CST',tzName:'Central Standard Time (North America'},{zoneName:'America\/Thunder_Bay',gmtOffset:-18000,gmtOffsetName:'UTC-05:00',abbreviation:'EST',tzName:'Eastern Standard Time (North America'},{zoneName:'America\/Toronto',gmtOffset:-18000,gmtOffsetName:'UTC-05:00',abbreviation:'EST',tzName:'Eastern Standard Time (North America'},{zoneName:'America\/Vancouver',gmtOffset:-28800,gmtOffsetName:'UTC-08:00',abbreviation:'PST',tzName:'Pacific Standard Time (North America'},{zoneName:'America\/Whitehorse',gmtOffset:-25200,gmtOffsetName:'UTC-07:00',abbreviation:'MST',tzName:'Mountain Standard Time (North America'},{zoneName:'America\/Winnipeg',gmtOffset:-21600,gmtOffsetName:'UTC-06:00',abbreviation:'CST',tzName:'Central Standard Time (North America'},{zoneName:'America\/Yellowknife',gmtOffset:-25200,gmtOffsetName:'UTC-07:00',abbreviation:'MST',tzName:'Mountain Standard Time (North America'}]",60.00000000,-95.00000000,ğŸ‡¨ğŸ‡¦,U+1F1E8 U+1F1E6
d7fbdabb-5b63-484e-bd27-d5cec35fcaa0,Northern Mariana Islands,MNP,MP,580,+1-670,Saipan,USD,United States dollar,$,.mp,Northern Mariana Islands,Oceania,Micronesia,"[{zoneName:'Pacific\/Saipan',gmtOffset:36000,gmtOffsetName:'UTC+10:00',abbreviation:'ChST',tzName:'Chamorro Standard Time'}]",15.20000000,145.75000000,ğŸ‡²ğŸ‡µ,U+1F1F2 U+1F1F5
d90194cf-40ee-4232-b90c-809299cb3040,Yemen,YEM,YE,887,967,Sanaa,YER,Yemeni rial,ï·¼,.ye,Ø§Ù„ÙŠÙÙ…ÙÙ†,Asia,Western Asia,"[{zoneName:'Asia\/Aden',gmtOffset:10800,gmtOffsetName:'UTC+03:00',abbreviation:'AST',tzName:'Arabia Standard Time'}]",15.00000000,48.00000000,ğŸ‡¾ğŸ‡ª,U+1F1FE U+1F1EA
d96c04f1-da1c-4ac1-af66-6f4c205c8f4f,Western Sahara,ESH,EH,732,212,El-Aaiun,MAD,Moroccan Dirham,MAD,.eh,Ø§Ù„ØµØ­Ø±Ø§Ø¡ Ø§Ù„ØºØ±Ø¨ÙŠØ©,Africa,Northern Africa,"[{zoneName:'Africa\/El_Aaiun',gmtOffset:3600,gmtOffsetName:'UTC+01:00',abbreviation:'WEST',tzName:'Western European Summer Time'}]",24.50000000,-13.00000000,ğŸ‡ªğŸ‡­,U+1F1EA U+1F1ED
da643b43-58d5-45b5-ac79-aa9960d970e9,Saint Vincent And The Grenadines,VCT,VC,670,+1-784,Kingstown,XCD,Eastern Caribbean dollar,$,.vc,Saint Vincent and the Grenadines,Americas,Caribbean,"[{zoneName:'America\/St_Vincent',gmtOffset:-14400,gmtOffsetName:'UTC-04:00',abbreviation:'AST',tzName:'Atlantic Standard Time'}]",13.25000000,-61.20000000,ğŸ‡»ğŸ‡¨,U+1F1FB U+1F1E8
dad4910e-5ad0-46b3-b464-cc8798d8285b,Andorra,AND,AD,20,376,Andorra la Vella,EUR,Euro,â‚¬,.ad,Andorra,Europe,Southern Europe,"[{zoneName:'Europe\/Andorra',gmtOffset:3600,gmtOffsetName:'UTC+01:00',abbreviation:'CET',tzName:'Central European Time'}]",42.50000000,1.50000000,ğŸ‡¦ğŸ‡©,U+1F1E6 U+1F1E9
db65ee81-af15-4aa5-b790-03ac8a23d4e8,Tunisia,TUN,TN,788,216,Tunis,TND,Tunisian dinar,Øª.Ø¯,.tn,ØªÙˆÙ†Ø³,Africa,Northern Africa,"[{zoneName:'Africa\/Tunis',gmtOffset:3600,gmtOffsetName:'UTC+01:00',abbreviation:'CET',tzName:'Central European Time'}]",34.00000000,9.00000000,ğŸ‡¹ğŸ‡³,U+1F1F9 U+1F1F3
dbc5e8ac-0106-4cf8-aebf-dc49d26e2751,Sri Lanka,LKA,LK,144,94,Colombo,LKR,Sri Lankan rupee,Rs,.lk,Å›rÄ« laá¹ƒkÄva,Asia,Southern Asia,"[{zoneName:'Asia\/Colombo',gmtOffset:19800,gmtOffsetName:'UTC+05:30',abbreviation:'IST',tzName:'Indian Standard Time'}]",7.00000000,81.00000000,ğŸ‡±ğŸ‡°,U+1F1F1 U+1F1F0
df21bb79-7832-46f1-8a15-ad4a4aa49e7b,Liberia,LBR,LR,430,231,Monrovia,LRD,Liberian dollar,$,.lr,Liberia,Africa,Western Africa,"[{zoneName:'Africa\/Monrovia',gmtOffset:0,gmtOffsetName:'UTC\u00b100',abbreviation:'GMT',tzName:'Greenwich Mean Time'}]",6.50000000,-9.50000000,ğŸ‡±ğŸ‡·,U+1F1F1 U+1F1F7
df82f21b-ab94-4e82-ba60-bb86bc35e6b6,Cayman Islands,CYM,KY,136,+1-345,George Town,KYD,Cayman Islands dollar,$,.ky,Cayman Islands,Americas,Caribbean,"[{zoneName:'America\/Cayman',gmtOffset:-18000,gmtOffsetName:'UTC-05:00',abbreviation:'EST',tzName:'Eastern Standard Time (North America'}]",19.50000000,-80.50000000,ğŸ‡°ğŸ‡¾,U+1F1F0 U+1F1FE
df8cfd3a-c8fd-41e3-aa0f-d6570a06f829,Malta,MLT,MT,470,356,Valletta,EUR,Euro,â‚¬,.mt,Malta,Europe,Southern Europe,"[{zoneName:'Europe\/Malta',gmtOffset:3600,gmtOffsetName:'UTC+01:00',abbreviation:'CET',tzName:'Central European Time'}]",35.83333333,14.58333333,ğŸ‡²ğŸ‡¹,U+1F1F2 U+1F1F9
e17c588d-46b2-4c42-97fe-8c9733bbe6ff,Burundi,BDI,BI,108,257,Bujumbura,BIF,Burundian franc,FBu,.bi,Burundi,Africa,Eastern Africa,"[{zoneName:'Africa\/Bujumbura',gmtOffset:7200,gmtOffsetName:'UTC+02:00',abbreviation:'CAT',tzName:'Central Africa Time'}]",-3.50000000,30.00000000,ğŸ‡§ğŸ‡®,U+1F1E7 U+1F1EE
e3346040-fb52-4b3d-bfaf-1c22a259feef,Slovenia,SVN,SI,705,386,Ljubljana,EUR,Euro,â‚¬,.si,Slovenija,Europe,Southern Europe,"[{zoneName:'Europe\/Ljubljana',gmtOffset:3600,gmtOffsetName:'UTC+01:00',abbreviation:'CET',tzName:'Central European Time'}]",46.11666666,14.81666666,ğŸ‡¸ğŸ‡®,U+1F1F8 U+1F1EE
e4e2199c-4bc2-4aef-a281-4c6d64858733,Nigeria,NGA,NG,566,234,Abuja,NGN,Nigerian naira,â‚¦,.ng,Nigeria,Africa,Western Africa,"[{zoneName:'Africa\/Lagos',gmtOffset:3600,gmtOffsetName:'UTC+01:00',abbreviation:'WAT',tzName:'West Africa Time'}]",10.00000000,8.00000000,ğŸ‡³ğŸ‡¬,U+1F1F3 U+1F1EC
e514d2e8-f423-4784-97e3-309a10cae150,Samoa,WSM,WS,882,685,Apia,WST,Samoan tÄlÄ,SAT,.ws,Samoa,Oceania,Polynesia,"[{zoneName:'Pacific\/Apia',gmtOffset:50400,gmtOffsetName:'UTC+14:00',abbreviation:'WST',tzName:'West Samoa Time'}]",-13.58333333,-172.33333333,ğŸ‡¼ğŸ‡¸,U+1F1FC U+1F1F8
e53cd2d0-c986-403b-967b-721073f57f5a,Jamaica,JAM,JM,388,+1-876,Kingston,JMD,Jamaican dollar,J$,.jm,Jamaica,Americas,Caribbean,"[{zoneName:'America\/Jamaica',gmtOffset:-18000,gmtOffsetName:'UTC-05:00',abbreviation:'EST',tzName:'Eastern Standard Time (North America'}]",18.25000000,-77.50000000,ğŸ‡¯ğŸ‡²,U+1F1EF U+1F1F2
e5656eed-1784-497e-9922-f9241e9022e7,Somalia,SOM,SO,706,252,Mogadishu,SOS,Somali shilling,Sh.so.,.so,Soomaaliya,Africa,Eastern Africa,"[{zoneName:'Africa\/Mogadishu',gmtOffset:10800,gmtOffsetName:'UTC+03:00',abbreviation:'EAT',tzName:'East Africa Time'}]",10.00000000,49.00000000,ğŸ‡¸ğŸ‡´,U+1F1F8 U+1F1F4
e5904efb-baae-445a-8fba-d09c1bd3de8b,Netherlands,NLD,NL,528,31,Amsterdam,EUR,Euro,â‚¬,.nl,Nederland,Europe,Western Europe,"[{zoneName:'Europe\/Amsterdam',gmtOffset:3600,gmtOffsetName:'UTC+01:00',abbreviation:'CET',tzName:'Central European Time'}]",52.50000000,5.75000000,ğŸ‡³ğŸ‡±,U+1F1F3 U+1F1F1
e65c4949-9a7e-49fa-9e05-332495e5421c,British Indian Ocean Territory,IOT,IO,86,246,Diego Garcia,USD,United States dollar,$,.io,British Indian Ocean Territory,Africa,Eastern Africa,"[{zoneName:'Indian\/Chagos',gmtOffset:21600,gmtOffsetName:'UTC+06:00',abbreviation:'IOT',tzName:'Indian Ocean Time'}]",-6.00000000,71.50000000,ğŸ‡®ğŸ‡´,U+1F1EE U+1F1F4
e6b6f4c4-602e-492e-b4cb-d60e458d20b7,Laos,LAO,LA,418,856,Vientiane,LAK,Lao kip,â‚­,.la,àºªàº›àº›àº¥àº²àº§,Asia,South-Eastern Asia,"[{zoneName:'Asia\/Vientiane',gmtOffset:25200,gmtOffsetName:'UTC+07:00',abbreviation:'ICT',tzName:'Indochina Time'}]",18.00000000,105.00000000,ğŸ‡±ğŸ‡¦,U+1F1F1 U+1F1E6
e9298ae5-b100-4e9a-a655-9fcfdf3c0dd2,Nepal,NPL,NP,524,977,Kathmandu,NPR,Nepalese rupee,â‚¨,.np,à¤¨à¤ªà¤²,Asia,Southern Asia,"[{zoneName:'Asia\/Kathmandu',gmtOffset:20700,gmtOffsetName:'UTC+05:45',abbreviation:'NPT',tzName:'Nepal Time'}]",28.00000000,84.00000000,ğŸ‡³ğŸ‡µ,U+1F1F3 U+1F1F5
ed12add8-2995-42ed-8e7d-1d90c83f07ba,CuraÃ§ao,CUW,CW,531,599,Willemstad,ANG,Netherlands Antillean guilder,Æ’,.cw,CuraÃ§ao,Americas,Caribbean,"[{zoneName:'America\/Curacao',gmtOffset:-14400,gmtOffsetName:'UTC-04:00',abbreviation:'AST',tzName:'Atlantic Standard Time'}]",12.11666700,-68.93333300,ğŸ‡¨ğŸ‡¼,U+1F1E8 U+1F1FC
ed9fe84b-ec11-481b-a5b5-00f753ef4aef,Bulgaria,BGR,BG,100,359,Sofia,BGN,Bulgarian lev,Ğ›Ğ².,.bg,Ğ‘ÑŠĞ»Ğ³Ğ°Ñ€Ğ¸Ñ,Europe,Eastern Europe,"[{zoneName:'Europe\/Sofia',gmtOffset:7200,gmtOffsetName:'UTC+02:00',abbreviation:'EET',tzName:'Eastern European Time'}]",43.00000000,25.00000000,ğŸ‡§ğŸ‡¬,U+1F1E7 U+1F1EC
edd22722-ada5-4108-ac5c-00e13c53642e,Belize,BLZ,BZ,84,501,Belmopan,BZD,Belize dollar,$,.bz,Belize,Americas,Central America,"[{zoneName:'America\/Belize',gmtOffset:-21600,gmtOffsetName:'UTC-06:00',abbreviation:'CST',tzName:'Central Standard Time (North America)'}]",17.25000000,-88.75000000,ğŸ‡§ğŸ‡¿,U+1F1E7 U+1F1FF
ef7508b0-4c4f-452b-970f-54f00f26c1c0,Mali,MLI,ML,466,223,Bamako,XOF,West African CFA franc,CFA,.ml,Mali,Africa,Western Africa,"[{zoneName:'Africa\/Bamako',gmtOffset:0,gmtOffsetName:'UTC\u00b100',abbreviation:'GMT',tzName:'Greenwich Mean Time'}]",17.00000000,-4.00000000,ğŸ‡²ğŸ‡±,U+1F1F2 U+1F1F1
f077437d-d73b-46e9-a8f4-e7f7bf6896ac,Russia,RUS,RU,643,7,Moscow,RUB,Russian ruble,â‚½,.ru,Ğ Ğ¾ÑÑĞ¸Ñ,Europe,Eastern Europe,"[{zoneName:'Asia\/Anadyr',gmtOffset:43200,gmtOffsetName:'UTC+12:00',abbreviation:'ANAT',tzName:'Anadyr Time[4'},{zoneName:'Asia\/Barnaul',gmtOffset:25200,gmtOffsetName:'UTC+07:00',abbreviation:'KRAT',tzName:'Krasnoyarsk Time'},{zoneName:'Asia\/Chita',gmtOffset:32400,gmtOffsetName:'UTC+09:00',abbreviation:'YAKT',tzName:'Yakutsk Time'},{zoneName:'Asia\/Irkutsk',gmtOffset:28800,gmtOffsetName:'UTC+08:00',abbreviation:'IRKT',tzName:'Irkutsk Time'},{zoneName:'Asia\/Kamchatka',gmtOffset:43200,gmtOffsetName:'UTC+12:00',abbreviation:'PETT',tzName:'Kamchatka Time'},{zoneName:'Asia\/Khandyga',gmtOffset:32400,gmtOffsetName:'UTC+09:00',abbreviation:'YAKT',tzName:'Yakutsk Time'},{zoneName:'Asia\/Krasnoyarsk',gmtOffset:25200,gmtOffsetName:'UTC+07:00',abbreviation:'KRAT',tzName:'Krasnoyarsk Time'},{zoneName:'Asia\/Magadan',gmtOffset:39600,gmtOffsetName:'UTC+11:00',abbreviation:'MAGT',tzName:'Magadan Time'},{zoneName:'Asia\/Novokuznetsk',gmtOffset:25200,gmtOffsetName:'UTC+07:00',abbreviation:'KRAT',tzName:'Krasnoyarsk Time'},{zoneName:'Asia\/Novosibirsk',gmtOffset:25200,gmtOffsetName:'UTC+07:00',abbreviation:'NOVT',tzName:'Novosibirsk Time'},{zoneName:'Asia\/Omsk',gmtOffset:21600,gmtOffsetName:'UTC+06:00',abbreviation:'OMST',tzName:'Omsk Time'},{zoneName:'Asia\/Sakhalin',gmtOffset:39600,gmtOffsetName:'UTC+11:00',abbreviation:'SAKT',tzName:'Sakhalin Island Time'},{zoneName:'Asia\/Srednekolymsk',gmtOffset:39600,gmtOffsetName:'UTC+11:00',abbreviation:'SRET',tzName:'Srednekolymsk Time'},{zoneName:'Asia\/Tomsk',gmtOffset:25200,gmtOffsetName:'UTC+07:00',abbreviation:'MSD+3',tzName:'Moscow Daylight Time+3'},{zoneName:'Asia\/Ust-Nera',gmtOffset:36000,gmtOffsetName:'UTC+10:00',abbreviation:'VLAT',tzName:'Vladivostok Time'},{zoneName:'Asia\/Vladivostok',gmtOffset:36000,gmtOffsetName:'UTC+10:00',abbreviation:'VLAT',tzName:'Vladivostok Time'},{zoneName:'Asia\/Yakutsk',gmtOffset:32400,gmtOffsetName:'UTC+09:00',abbreviation:'YAKT',tzName:'Yakutsk Time'},{zoneName:'Asia\/Yekaterinburg',gmtOffset:18000,gmtOffsetName:'UTC+05:00',abbreviation:'YEKT',tzName:'Yekaterinburg Time'},{zoneName:'Europe\/Astrakhan',gmtOffset:14400,gmtOffsetName:'UTC+04:00',abbreviation:'SAMT',tzName:'Samara Time'},{zoneName:'Europe\/Kaliningrad',gmtOffset:7200,gmtOffsetName:'UTC+02:00',abbreviation:'EET',tzName:'Eastern European Time'},{zoneName:'Europe\/Kirov',gmtOffset:10800,gmtOffsetName:'UTC+03:00',abbreviation:'MSK',tzName:'Moscow Time'},{zoneName:'Europe\/Moscow',gmtOffset:10800,gmtOffsetName:'UTC+03:00',abbreviation:'MSK',tzName:'Moscow Time'},{zoneName:'Europe\/Samara',gmtOffset:14400,gmtOffsetName:'UTC+04:00',abbreviation:'SAMT',tzName:'Samara Time'},{zoneName:'Europe\/Saratov',gmtOffset:14400,gmtOffsetName:'UTC+04:00',abbreviation:'MSD',tzName:'Moscow Daylight Time+4'},{zoneName:'Europe\/Ulyanovsk',gmtOffset:14400,gmtOffsetName:'UTC+04:00',abbreviation:'SAMT',tzName:'Samara Time'},{zoneName:'Europe\/Volgograd',gmtOffset:14400,gmtOffsetName:'UTC+04:00',abbreviation:'MSK',tzName:'Moscow Standard Time'}]",60.00000000,100.00000000,ğŸ‡·ğŸ‡º,U+1F1F7 U+1F1FA
f186dd13-0150-4f84-9d5e-3070193f214f,Trinidad And Tobago,TTO,TT,780,+1-868,Port of Spain,TTD,Trinidad and Tobago dollar,$,.tt,Trinidad and Tobago,Americas,Caribbean,"[{zoneName:'America\/Port_of_Spain',gmtOffset:-14400,gmtOffsetName:'UTC-04:00',abbreviation:'AST',tzName:'Atlantic Standard Time'}]",11.00000000,-61.00000000,ğŸ‡¹ğŸ‡¹,U+1F1F9 U+1F1F9
f1c8b0d6-fba6-425d-bb2d-f24f2be51906,Jordan,JOR,JO,400,962,Amman,JOD,Jordanian dinar,Ø§.Ø¯,.jo,Ø§Ù„Ø£Ø±Ø¯Ù†,Asia,Western Asia,"[{zoneName:'Asia\/Amman',gmtOffset:7200,gmtOffsetName:'UTC+02:00',abbreviation:'EET',tzName:'Eastern European Time'}]",31.00000000,36.00000000,ğŸ‡¯ğŸ‡´,U+1F1EF U+1F1F4
f1de5166-d99f-48a1-9b44-0063949e0e36,Bahrain,BHR,BH,48,973,Manama,BHD,Bahraini dinar,.Ø¯.Ø¨,.bh,â€Ø§Ù„Ø¨Ø­Ø±ÙŠÙ†,Asia,Western Asia,"[{zoneName:'Asia\/Bahrain',gmtOffset:10800,gmtOffsetName:'UTC+03:00',abbreviation:'AST',tzName:'Arabia Standard Time'}]",26.00000000,50.55000000,ğŸ‡§ğŸ‡­,U+1F1E7 U+1F1ED
f470fd33-709b-470f-b273-77c0067de477,Bolivia,BOL,BO,68,591,Sucre,BOB,Bolivian boliviano,Bs.,.bo,Bolivia,Americas,South America,"[{zoneName:'America\/La_Paz',gmtOffset:-14400,gmtOffsetName:'UTC-04:00',abbreviation:'BOT',tzName:'Bolivia Time'}]",-17.00000000,-65.00000000,ğŸ‡§ğŸ‡´,U+1F1E7 U+1F1F4
f4b11bb2-e375-4883-80f8-8d86ae565ddc,Brazil,BRA,BR,76,55,Brasilia,BRL,Brazilian real,R$,.br,Brasil,Americas,South America,"[{zoneName:'America\/Araguaina',gmtOffset:-10800,gmtOffsetName:'UTC-03:00',abbreviation:'BRT',tzName:'Bras\u00edlia Time'},{zoneName:'America\/Bahia',gmtOffset:-10800,gmtOffsetName:'UTC-03:00',abbreviation:'BRT',tzName:'Bras\u00edlia Time'},{zoneName:'America\/Belem',gmtOffset:-10800,gmtOffsetName:'UTC-03:00',abbreviation:'BRT',tzName:'Bras\u00edlia Time'},{zoneName:'America\/Boa_Vista',gmtOffset:-14400,gmtOffsetName:'UTC-04:00',abbreviation:'AMT',tzName:'Amazon Time (Brazil)[3'},{zoneName:'America\/Campo_Grande',gmtOffset:-14400,gmtOffsetName:'UTC-04:00',abbreviation:'AMT',tzName:'Amazon Time (Brazil)[3'},{zoneName:'America\/Cuiaba',gmtOffset:-14400,gmtOffsetName:'UTC-04:00',abbreviation:'BRT',tzName:'Brasilia Time'},{zoneName:'America\/Eirunepe',gmtOffset:-18000,gmtOffsetName:'UTC-05:00',abbreviation:'ACT',tzName:'Acre Time'},{zoneName:'America\/Fortaleza',gmtOffset:-10800,gmtOffsetName:'UTC-03:00',abbreviation:'BRT',tzName:'Bras\u00edlia Time'},{zoneName:'America\/Maceio',gmtOffset:-10800,gmtOffsetName:'UTC-03:00',abbreviation:'BRT',tzName:'Bras\u00edlia Time'},{zoneName:'America\/Manaus',gmtOffset:-14400,gmtOffsetName:'UTC-04:00',abbreviation:'AMT',tzName:'Amazon Time (Brazil)'},{zoneName:'America\/Noronha',gmtOffset:-7200,gmtOffsetName:'UTC-02:00',abbreviation:'FNT',tzName:'Fernando de Noronha Time'},{zoneName:'America\/Porto_Velho',gmtOffset:-14400,gmtOffsetName:'UTC-04:00',abbreviation:'AMT',tzName:'Amazon Time (Brazil)[3'},{zoneName:'America\/Recife',gmtOffset:-10800,gmtOffsetName:'UTC-03:00',abbreviation:'BRT',tzName:'Bras\u00edlia Time'},{zoneName:'America\/Rio_Branco',gmtOffset:-18000,gmtOffsetName:'UTC-05:00',abbreviation:'ACT',tzName:'Acre Time'},{zoneName:'America\/Santarem',gmtOffset:-10800,gmtOffsetName:'UTC-03:00',abbreviation:'BRT',tzName:'Bras\u00edlia Time'},{zoneName:'America\/Sao_Paulo',gmtOffset:-10800,gmtOffsetName:'UTC-03:00',abbreviation:'BRT',tzName:'Bras\u00edlia Time'}]",-10.00000000,-55.00000000,ğŸ‡§ğŸ‡·,U+1F1E7 U+1F1F7
f797f222-73eb-44ad-8248-714adab371f7,Cuba,CUB,CU,192,53,Havana,CUP,Cuban peso,$,.cu,Cuba,Americas,Caribbean,"[{zoneName:'America\/Havana',gmtOffset:-18000,gmtOffsetName:'UTC-05:00',abbreviation:'CST',tzName:'Cuba Standard Time'}]",21.50000000,-80.00000000,ğŸ‡¨ğŸ‡º,U+1F1E8 U+1F1FA
f99f3740-3720-4caa-803e-73bff19b8eb1,Kiribati,KIR,KI,296,686,Tarawa,AUD,Australian dollar,$,.ki,Kiribati,Oceania,Micronesia,"[{zoneName:'Pacific\/Enderbury',gmtOffset:46800,gmtOffsetName:'UTC+13:00',abbreviation:'PHOT',tzName:'Phoenix Island Time'},{zoneName:'Pacific\/Kiritimati',gmtOffset:50400,gmtOffsetName:'UTC+14:00',abbreviation:'LINT',tzName:'Line Islands Time'},{zoneName:'Pacific\/Tarawa',gmtOffset:43200,gmtOffsetName:'UTC+12:00',abbreviation:'GILT',tzName:'Gilbert Island Time'}]",1.41666666,173.00000000,ğŸ‡°ğŸ‡®,U+1F1F0 U+1F1EE
fc5623ee-9621-4cfa-9649-73c41c07c978,Vanuatu,VUT,VU,548,678,Port Vila,VUV,Vanuatu vatu,VT,.vu,Vanuatu,Oceania,Melanesia,"[{zoneName:'Pacific\/Efate',gmtOffset:39600,gmtOffsetName:'UTC+11:00',abbreviation:'VUT',tzName:'Vanuatu Time'}]",-16.00000000,167.00000000,ğŸ‡»ğŸ‡º,U+1F1FB U+1F1FA
fe5eb252-66f4-42bd-9990-e71cb672fcee,Guinea-Bissau,GNB,GW,624,245,Bissau,XOF,West African CFA franc,CFA,.gw,GuinÃ©-Bissau,Africa,Western Africa,"[{zoneName:'Africa\/Bissau',gmtOffset:0,gmtOffsetName:'UTC\u00b100',abbreviation:'GMT',tzName:'Greenwich Mean Time'}]",12.00000000,-15.00000000,ğŸ‡¬ğŸ‡¼,U+1F1EC U+1F1FC
fe975759-2e3f-4b7f-abc6-a1967f16e8d2,Reunion,REU,RE,638,262,Saint-Denis,EUR,Euro,â‚¬,.re,La RÃ©union,Africa,Eastern Africa,"[{zoneName:'Indian\/Reunion',gmtOffset:14400,gmtOffsetName:'UTC+04:00',abbreviation:'RET',tzName:'R\u00e9union Time'}]",-21.15000000,55.50000000,ğŸ‡·ğŸ‡ª,U+1F1F7 U+1F1EA
ff80a3e2-5ca2-432d-bc35-6bc4e3069c61,Barbados,BRB,BB,52,+1-246,Bridgetown,BBD,Barbadian dollar,Bds$,.bb,Barbados,Americas,Caribbean,"[{zoneName:'America\/Barbados',gmtOffset:-14400,gmtOffsetName:'UTC-04:00',abbreviation:'AST',tzName:'Atlantic Standard Time'}]",13.16666666,-59.53333333,ğŸ‡§ğŸ‡§,U+1F1E7 U+1F1E7